,pred_score
"N20W,A243C",-2.298815533518791
"N20W,G244C",-2.4894518852233887
"N20W,S245C",-2.8716045767068863
"N20W,S245W",-2.7247038036584854
"N20C,V246C",-3.0012076795101166
"N20C,V246W",-2.5745534498710185
"N20M,V246C",-3.409062445163727
"N20F,V246C",-3.2046124935150146
"N20F,V246W",-2.692111223936081
"N20W,V246C",-3.380991041660309
"N20W,V246M",-3.3009297847747803
"N20W,V246F",-2.814692407846451
"N20W,V246W",-3.066689044237137
"N20W,V246Y",-3.413918972015381
"N20C,A247C",-3.045258194208145
"N20C,A247W",-2.7110401019454002
"N20I,A247C",-3.0688623785972595
"N20M,A247C",-3.532446324825287
"N20M,A247W",-2.727623015642166
"N20F,A247C",-3.209606885910034
"N20F,A247W",-2.7562564611434937
"N20W,A247C",-3.5072291493415833
"N20W,A247I",-2.9188106060028076
"N20W,A247M",-3.002360999584198
"N20W,A247F",-2.9866440296173096
"N20W,A247W",-3.252951204776764
"N20W,A247Y",-3.212477445602417
"N20Y,A247C",-3.1526123881340027
"N20C,M248W",-3.068211078643799
"N20W,M248C",-2.8625396490097046
"N20W,M248W",-3.1737983226776123
"N20W,G249C",-2.632192850112915
"N20W,G249W",-2.8969201147556305
"G24P,L157D",-4.804246425628662
"N114W,V246C",-3.222745954990387
"N114W,A247C",-3.1410815715789795
"I120R,L133D",-4.865283250808716
"I120N,L133D",-4.803375959396362
"I120D,L133N",-4.870449781417847
"I120D,L133D",-5.072590351104736
"I120D,L133E",-4.928078651428223
"I120D,L133H",-4.824066638946533
"I120D,L133K",-4.844085931777954
"I120Q,L133D",-4.954503059387207
"I120Q,L133E",-4.807302713394165
"I120E,L133D",-5.000906944274902
"I120E,L133E",-4.85728645324707
"I120G,L133D",-4.921280145645142
"I120H,L133D",-4.97807765007019
"I120H,L133E",-4.830648422241211
"I120K,L133D",-4.941823959350586
"I120Y,L133D",-4.644326448440552
"I120D,L135D",-4.924530029296875
"I120D,L135E",-4.8855955600738525
"I120D,L135K",-4.80994987487793
"I120Q,L135D",-4.8040385246276855
"I120E,L135D",-4.852959632873535
"I120E,L135E",-4.814538478851318
"I120H,L135D",-4.834248065948486
"I120D,N138W",-4.88503360748291
"I120Q,I144Q",-4.77058744430542
"I120Q,I144E",-4.798432111740112
"I120E,I144Q",-4.818543434143066
"I120E,I144E",-4.834506511688232
"I120E,I144K",-4.852757215499878
"I120H,I144Q",-4.713412284851074
"I120K,I144Q",-4.8554229736328125
"I120K,I144E",-4.801300764083862
"I120D,L154D",-4.854324817657471
"I120R,L157D",-4.914135217666626
"I120R,L157E",-4.835152626037598
"I120N,L157D",-4.850067138671875
"I120D,L157N",-4.991061449050903
"I120D,L157D",-5.119844198226929
"I120D,L157Q",-4.872622966766357
"I120D,L157E",-5.042755603790283
"I120D,L157G",-4.8396711349487305
"I120D,L157H",-4.917588949203491
"I120D,L157K",-4.942861795425415
"I120Q,L157N",-4.869794607162476
"I120Q,L157D",-5.000826835632324
"I120Q,L157E",-4.92124342918396
"I120Q,L157K",-4.8282856941223145
"I120E,L157N",-4.913614273071289
"I120E,L157D",-5.047931909561157
"I120E,L157E",-4.972426414489746
"I120E,L157H",-4.843939304351807
"I120E,L157K",-4.869070768356323
"I120G,L157N",-4.839538335800171
"I120G,L157D",-4.968368053436279
"I120G,L157E",-4.888342618942261
"I120H,L157N",-4.8937389850616455
"I120H,L157D",-5.023863077163696
"I120H,L157E",-4.94734525680542
"I120H,L157H",-4.331591367721558
"I120H,L157K",-4.849790573120117
"I120K,L157N",-4.856744050979614
"I120K,L157D",-4.988149166107178
"I120K,L157E",-4.9066526889801025
"I120K,L157K",-4.814171075820923
"I120Y,L157D",-4.865474224090576
"I120D,L159N",-4.8701605796813965
"I120D,L159D",-4.9948225021362305
"I120D,L159E",-5.001753568649292
"I120D,L159H",-4.856157541275024
"I120D,L159K",-4.9883928298950195
"I120Q,L159D",-4.872398138046265
"I120Q,L159E",-4.8799333572387695
"I120Q,L159K",-4.8644468784332275
"I120E,L159D",-4.922051191329956
"I120E,L159E",-4.930398225784302
"I120E,L159K",-4.909679412841797
"I120G,L159D",-4.844638109207153
"I120G,L159E",-4.849489688873291
"I120G,L159K",-4.835638046264648
"I120H,L159D",-4.90015172958374
"I120H,L159E",-4.907581090927124
"I120H,L159K",-4.89031982421875
"I120K,L159D",-4.861016035079956
"I120K,L159E",-4.867663860321045
"I120K,L159K",-4.855041980743408
"I120D,N162P",-4.923839330673218
"I120D,N162W",-4.708383560180664
"I120E,N162P",-4.851747512817383
"I120H,N162P",-4.834798336029053
"I120D,L164D",-4.92396354675293
"I120D,L164E",-4.886136770248413
"I120E,L164D",-4.85457968711853
"I120E,L164E",-4.816533327102661
"I120H,L164D",-4.833181858062744
"I120R,I168G",-4.8395771980285645
"I120D,I168R",-4.891935348510742
"I120D,I168D",-5.1062469482421875
"I120D,I168Q",-4.867859601974487
"I120D,I168E",-5.030579328536987
"I120D,I168G",-5.0364990234375
"I120D,I168H",-4.978764533996582
"I120D,I168K",-4.886184930801392
"I120Q,I168R",-4.82583475112915
"I120Q,I168Q",-4.8989644050598145
"I120Q,I168Y",-4.599120855331421
"I120E,I168D",-5.034636735916138
"I120E,I168Q",-4.833171844482422
"I120E,I168E",-4.958073616027832
"I120E,I168G",-4.893651962280273
"I120E,I168K",-4.748153209686279
"I120G,I168Q",-4.874604940414429
"I120G,I168G",-4.891881227493286
"I120G,I168H",-4.946074485778809
"I120K,I168R",-4.789612770080566
"I120K,I168Q",-4.896985769271851
"I120K,I168E",-4.899057865142822
"I120K,I168G",-4.9086949825286865
"I120K,I168H",-4.987996578216553
"I120K,I168K",-4.807263135910034
"I120D,L183D",-4.81358003616333
"I120D,L183E",-4.825013875961304
"I120D,L183H",-4.815756797790527
"I120D,L183K",-4.945409536361694
"I120Q,L183K",-4.824551105499268
"I120E,L183K",-4.867753267288208
"I120H,L183K",-4.84886360168457
"I120K,L183K",-4.813843727111816
"I120D,L188N",-4.623940467834473
"I120D,L188D",-4.951675653457642
"I120D,L188E",-4.9872212409973145
"I120D,L188G",-4.933246850967407
"I120D,L188K",-4.591197967529297
"I120Q,L188E",-4.85504412651062
"I120Q,L188G",-4.79331374168396
"I120E,L188D",-4.903986692428589
"I120E,L188E",-4.9184253215789795
"I120E,L188G",-4.795101642608643
"I120G,L188D",-4.817689895629883
"I120D,I192H",-4.720255613327026
"I120D,L212D",-4.931100606918335
"I120D,L212E",-4.859055280685425
"I120D,L212G",-4.817548036575317
"I120Q,L212G",-4.847321510314941
"I120E,L212D",-4.87324595451355
"I120E,L212E",-4.8096923828125
"I120E,L212G",-4.893313884735107
"I120G,L212G",-4.822935104370117
"I120H,L212D",-4.853665351867676
"I120H,L212G",-4.876572847366333
"I120K,L212D",-4.812316656112671
"I120K,L212G",-4.844621658325195
"L130W,V246C",-2.8464674055576324
"L130C,A247W",-2.70134037733078
"L130W,A247C",-2.6394232138991356
"L130W,A247W",-2.8111820220947266
"L130W,M248C",-2.0401232540607452
"L130W,G249C",-2.2479890137910843
"L133D,L135N",-4.808817386627197
"L133D,L135D",-4.977895498275757
"L133D,L135E",-4.938306093215942
"L133D,L135K",-4.861201286315918
"L133E,L135D",-4.832083702087402
"L133D,N138P",-4.860148191452026
"L133N,I144D",-4.9170191287994385
"L133N,I144Q",-4.888811111450195
"L133N,I144E",-4.873851537704468
"L133N,I144G",-4.834885835647583
"L133D,I144R",-4.936955690383911
"L133D,I144N",-4.842886447906494
"L133D,I144D",-5.1186676025390625
"L133D,I144Q",-5.096999406814575
"L133D,I144E",-5.080819368362427
"L133D,I144G",-5.0396788120269775
"L133D,I144H",-5.134194850921631
"L133D,I144K",-4.988797426223755
"L133E,I144D",-4.9747154712677
"L133E,I144Q",-4.950577974319458
"L133E,I144E",-4.93793797492981
"L133E,I144G",-4.891666889190674
"L133E,I144H",-4.959573268890381
"L133E,I144K",-4.842082500457764
"L133H,I144D",-4.871257066726685
"L133H,I144Q",-4.846826791763306
"L133H,I144E",-4.831245183944702
"L133K,I144D",-4.89154314994812
"L133K,I144Q",-4.871523380279541
"L133K,I144E",-4.853217601776123
"L133K,I144G",-4.809065818786621
"L133K,I144H",-4.90824556350708
"L133D,L154D",-4.914942741394043
"L133D,L154E",-4.822312355041504
"L133N,L157N",-4.837693691253662
"L133N,L157D",-4.966630935668945
"L133N,L157E",-4.88937520980835
"L133D,L157R",-4.841999769210815
"L133D,L157N",-5.041413307189941
"L133D,L157D",-5.173334121704102
"L133D,L157Q",-4.927381277084351
"L133D,L157E",-5.0949296951293945
"L133D,L157G",-4.892282724380493
"L133D,L157H",-4.969950437545776
"L133D,L157K",-4.9996256828308105
"L133Q,L157D",-4.8454790115356445
"L133E,L157N",-4.895671844482422
"L133E,L157D",-5.0266101360321045
"L133E,L157E",-4.954094886779785
"L133E,L157K",-4.854703426361084
"L133H,L157D",-4.92317271232605
"L133H,L157E",-4.843594551086426
"L133K,L157N",-4.815154790878296
"L133K,L157D",-4.945500612258911
"L133K,L157E",-4.870516061782837
"L133N,L159D",-4.841073036193848
"L133N,L159E",-4.845033645629883
"L133N,L159K",-4.833606243133545
"L133D,L159N",-4.9214489459991455
"L133D,L159D",-5.046057224273682
"L133D,L159Q",-4.856350660324097
"L133D,L159E",-5.052928924560547
"L133D,L159H",-4.876641511917114
"L133D,L159K",-5.0395941734313965
"L133E,L159D",-4.900400161743164
"L133E,L159E",-4.908726692199707
"L133E,L159K",-4.892940521240234
"L133K,L159D",-4.817145347595215
"L133K,L159E",-4.8276989459991455
"L133K,L159K",-4.817399740219116
"L133D,N162P",-4.979114532470703
"L133E,N162P",-4.835188388824463
"L133D,L164D",-4.9806153774261475
"L133D,L164E",-4.94308876991272
"L133D,L164G",-4.8212831020355225
"L133D,L164K",-4.811875581741333
"L133E,L164D",-4.8380444049835205
"L133D,G166P",-4.817454099655151
"L133N,I168D",-4.968144416809082
"L133N,I168E",-4.886728048324585
"L133N,I168G",-4.892631769180298
"L133D,I168R",-5.000868320465088
"L133D,I168N",-4.836784839630127
"L133D,I168D",-5.169653415679932
"L133D,I168Q",-5.083738565444946
"L133D,I168E",-5.093120098114014
"L133D,I168G",-5.097849607467651
"L133D,I168H",-5.170987367630005
"L133D,I168K",-4.994514226913452
"L133Q,I168D",-4.843505144119263
"L133Q,I168H",-4.845311403274536
"L133E,I168R",-4.854114294052124
"L133E,I168D",-5.0250725746154785
"L133E,I168Q",-4.936816215515137
"L133E,I168E",-4.9487481117248535
"L133E,I168G",-4.9492504596710205
"L133E,I168H",-4.995481014251709
"L133E,I168K",-4.845388889312744
"L133H,I168D",-4.9230194091796875
"L133H,I168Q",-4.680630683898926
"L133H,I168E",-4.843105792999268
"L133H,I168H",-4.77131986618042
"L133K,I168D",-4.942222833633423
"L133K,I168Q",-4.85948634147644
"L133K,I168E",-4.864370107650757
"L133K,I168G",-4.866639614105225
"L133K,I168H",-4.947185039520264
"L133D,L183R",-4.814482688903809
"L133D,L183D",-4.861307382583618
"L133D,L183Q",-4.814004421234131
"L133D,L183E",-4.875371217727661
"L133D,L183H",-4.7180633544921875
"L133D,L183K",-4.9956676959991455
"L133E,L183K",-4.8498382568359375
"L133K,N186W",-4.492862939834595
"L133N,L188D",-4.767347812652588
"L133N,L188E",-4.838695526123047
"L133D,L188N",-4.633145332336426
"L133D,L188D",-5.027193307876587
"L133D,L188E",-5.04275918006897
"L133D,L188G",-4.9856321811676025
"L133D,L188K",-4.793473720550537
"L133E,L188D",-4.883294105529785
"L133E,L188E",-4.903257131576538
"L133E,L188G",-4.72558331489563
"L133K,L188E",-4.8205790519714355
"L133D,I192D",-4.839994192123413
"L133D,I192H",-4.855880260467529
"L133N,L212G",-4.813624620437622
"L133D,L212N",-4.824002265930176
"L133D,L212D",-5.00039529800415
"L133D,L212E",-4.9337944984436035
"L133D,L212G",-5.020877838134766
"L133E,L212D",-4.855729579925537
"L133E,L212G",-4.873414754867554
"L135N,I144H",-4.820150852203369
"L135D,I144D",-4.968457937240601
"L135D,I144Q",-4.945192813873291
"L135D,I144E",-4.931360960006714
"L135D,I144G",-4.8883585929870605
"L135D,I144H",-4.988146066665649
"L135D,I144K",-4.839714288711548
"L135E,I144D",-4.93004846572876
"L135E,I144Q",-4.907315254211426
"L135E,I144E",-4.893572568893433
"L135E,I144G",-4.84778094291687
"L135E,I144H",-4.9470155239105225
"L135H,I144H",-4.810718536376953
"L135K,I144D",-4.85417366027832
"L135K,I144Q",-4.7669596672058105
"L135K,I144E",-4.8142991065979
"L135K,I144H",-4.867541313171387
"L135N,L157D",-4.855040550231934
"L135D,L157N",-4.892175197601318
"L135D,L157D",-5.022814512252808
"L135D,L157E",-4.946833610534668
"L135D,L157H",-4.821042537689209
"L135D,L157K",-4.848209619522095
"L135E,L157N",-4.8500518798828125
"L135E,L157D",-4.983300685882568
"L135E,L157E",-4.909514904022217
"L135E,L157K",-4.812480211257935
"L135H,L157D",-4.730044603347778
"L135K,L157D",-4.905258417129517
"L135K,L157E",-4.828092813491821
"L135D,L159D",-4.896051645278931
"L135D,L159E",-4.904785394668579
"L135D,L159K",-4.889177083969116
"L135E,L159D",-4.857623338699341
"L135E,L159E",-4.863833427429199
"L135E,L159K",-4.854160308837891
"L135D,N162P",-4.829469203948975
"L135D,L164D",-4.83005166053772
"L135N,I168D",-4.854422092437744
"L135N,I168H",-4.859764337539673
"L135D,I168R",-4.856161832809448
"L135D,I168D",-5.018060207366943
"L135D,I168Q",-4.9325501918792725
"L135D,I168E",-4.9448277950286865
"L135D,I168G",-4.947687387466431
"L135D,I168H",-5.023293733596802
"L135D,I168K",-4.843548536300659
"L135Q,I168H",-4.702441215515137
"L135E,I168R",-4.750885009765625
"L135E,I168D",-4.981176853179932
"L135E,I168Q",-4.893752098083496
"L135E,I168E",-4.9039459228515625
"L135E,I168G",-4.906055212020874
"L135E,I168H",-4.982964992523193
"L135E,I168K",-4.806253433227539
"L135H,I168D",-4.841831207275391
"L135H,I168H",-4.7344324588775635
"L135K,I168D",-4.9032182693481445
"L135K,I168Q",-4.705887794494629
"L135K,I168E",-4.823332071304321
"L135K,I168G",-4.756237745285034
"L135K,I168H",-4.905620813369751
"L135D,L183K",-4.845905780792236
"L135E,L183K",-4.812154769897461
"L135D,L188D",-4.858926057815552
"L135D,L188E",-4.8958563804626465
"L135D,L188G",-4.836651086807251
"L135E,L188D",-4.84109354019165
"L135E,L188E",-4.860460519790649
"L135D,L212D",-4.779933452606201
"L135D,L212G",-4.871760129928589
"L135E,L212D",-4.788456678390503
"L135E,L212G",-4.8323283195495605
"N138P,I120D",-4.805936336517334
"N138W,I120E",-4.812033653259277
"N138P,I144D",-4.851089239120483
"N138P,I144Q",-4.833126068115234
"N138P,I144E",-4.811307430267334
"N138P,I144H",-4.873840093612671
"N138W,I144D",-4.854625940322876
"N138W,I144Q",-4.5030388832092285
"N138W,I144E",-4.715067148208618
"N138W,I144G",-4.193362832069397
"N138W,I144H",-4.3162682056427
"N138P,L157D",-4.9062159061431885
"N138P,L157E",-4.829782962799072
"N138W,L159D",-4.563293933868408
"N138W,L159E",-4.2918994426727295
"N138P,I168D",-4.90403938293457
"N138P,I168Q",-4.820979595184326
"N138P,I168E",-4.827413558959961
"N138P,I168G",-4.8359596729278564
"N138P,I168H",-4.912242889404297
"N138W,I168R",-4.677443981170654
"N138W,I168D",-4.97774863243103
"N138W,I168Q",-4.614459991455078
"N138W,I168E",-4.779154062271118
"N138W,I168G",-4.5494163036346436
"N138W,I168H",-4.46003782749176
"N138W,I168K",-4.370500206947327
"N138W,I168W",-4.134493708610535
"N138W,L188E",-4.2541152238845825
"G142P,L157D",-4.8187336921691895
"G142P,I168D",-4.8096604347229
"G142P,I168H",-4.814211368560791
"I144G,I120D",-4.757598400115967
"I144G,I120G",-4.674980401992798
"I144G,I120K",-4.733442544937134
"I144H,I120E",-4.764893054962158
"I144H,I120K",-4.801754474639893
"I144Y,I120E",-4.540081262588501
"I144H,L133N",-4.85120964050293
"I144H,L133Q",-4.809104919433594
"I144H,L133H",-4.730450868606567
"I144Y,L133D",-4.649224519729614
"I144Y,L133E",-4.559284210205078
"I144Y,L135D",-4.616095542907715
"I144D,L154D",-4.900651454925537
"I144D,L154E",-4.811765909194946
"I144Q,L154D",-4.875583648681641
"I144E,L154D",-4.863963603973389
"I144G,L154D",-4.820759057998657
"I144H,L154D",-4.918521881103516
"I144H,L154E",-4.824078798294067
"I144R,L157N",-4.6490819454193115
"I144R,L157D",-4.982539415359497
"I144R,L157E",-4.907190561294556
"I144N,L157D",-4.8903467655181885
"I144N,L157E",-4.812124013900757
"I144D,L157R",-4.748638153076172
"I144D,L157N",-5.0379462242126465
"I144D,L157D",-5.165294885635376
"I144D,L157Q",-4.9194862842559814
"I144D,L157E",-5.08943510055542
"I144D,L157G",-4.885249376296997
"I144D,L157H",-4.964794635772705
"I144D,L157K",-4.990521669387817
"I144Q,L157R",-4.694122314453125
"I144Q,L157N",-5.010635614395142
"I144Q,L157D",-5.142815589904785
"I144Q,L157Q",-4.89786696434021
"I144Q,L157E",-5.064473867416382
"I144Q,L157G",-4.856379270553589
"I144Q,L157H",-4.939657688140869
"I144Q,L157K",-4.970844984054565
"I144E,L157N",-4.99435019493103
"I144E,L157D",-5.1275787353515625
"I144E,L157Q",-4.880601644515991
"I144E,L157E",-5.053333759307861
"I144E,L157G",-4.843869209289551
"I144E,L157H",-4.92441463470459
"I144E,L157K",-4.952345132827759
"I144G,L157N",-4.955162525177002
"I144G,L157D",-5.08439564704895
"I144G,L157Q",-4.808543920516968
"I144G,L157E",-5.005835056304932
"I144G,L157H",-4.724127769470215
"I144G,L157K",-4.910877704620361
"I144H,L157N",-4.9858620166778564
"I144H,L157D",-5.1788649559021
"I144H,L157Q",-4.925824403762817
"I144H,L157E",-5.065699100494385
"I144H,L157H",-4.519161224365234
"I144H,L157K",-5.006486654281616
"I144K,L157N",-4.873785495758057
"I144K,L157D",-5.0339601039886475
"I144K,L157E",-4.954882383346558
"I144K,L157K",-4.862096309661865
"I144S,L157D",-4.835415601730347
"I144Y,L157D",-4.736598491668701
"I144Y,L157E",-4.637255430221558
"I144Y,L157K",-4.586230516433716
"I144R,L159D",-4.859098434448242
"I144R,L159E",-4.865607023239136
"I144D,L159N",-4.913492441177368
"I144D,L159D",-5.038476943969727
"I144D,L159Q",-4.8490777015686035
"I144D,L159E",-5.045392274856567
"I144D,L159H",-4.901007175445557
"I144D,L159K",-5.034165382385254
"I144Q,L159N",-4.846933603286743
"I144Q,L159D",-5.012084484100342
"I144Q,L159Q",-4.827417850494385
"I144Q,L159E",-5.022086143493652
"I144Q,L159H",-4.790475606918335
"I144Q,L159K",-5.008566856384277
"I144E,L159N",-4.877856492996216
"I144E,L159D",-4.999619007110596
"I144E,L159Q",-4.8112733364105225
"I144E,L159E",-5.009045362472534
"I144E,L159H",-4.8601438999176025
"I144E,L159K",-4.994261741638184
"I144G,L159N",-4.839503288269043
"I144G,L159D",-4.956539154052734
"I144G,L159E",-4.964203357696533
"I144G,L159H",-4.765263557434082
"I144G,L159K",-4.9500532150268555
"I144H,L159N",-4.874752044677734
"I144H,L159D",-5.054311990737915
"I144H,L159Q",-4.865864515304565
"I144H,L159E",-5.060451507568359
"I144H,L159H",-4.885097503662109
"I144H,L159K",-5.001445531845093
"I144K,L159D",-4.9052650928497314
"I144K,L159E",-4.915242910385132
"I144K,L159K",-4.90353536605835
"I144Y,L159D",-4.693795442581177
"I144Y,L159E",-4.587517499923706
"I144D,N162P",-4.970607042312622
"I144Q,N162P",-4.947676658630371
"I144E,N162P",-4.931676864624023
"I144G,N162P",-4.892204284667969
"I144H,N162P",-4.988632440567017
"I144K,N162P",-4.840118408203125
"I144D,L164D",-4.967056035995483
"I144Q,L164D",-4.944994926452637
"I144Q,L164E",-4.907800674438477
"I144E,L164E",-4.895299196243286
"I144H,L164D",-4.933118581771851
"I144K,L164D",-4.705780982971191
"I144R,I168R",-4.812189817428589
"I144D,I168R",-4.606720209121704
"I144Q,I168R",-4.868630409240723
"I144Q,I168Q",-4.913682460784912
"I144E,I168R",-4.711491107940674
"I144E,I168Q",-4.846222877502441
"I144E,I168E",-4.765772581100464
"I144E,I168K",-4.826028823852539
"I144G,I168R",-4.8836750984191895
"I144G,I168K",-4.564706325531006
"I144K,I168R",-4.581505537033081
"I144K,I168Q",-4.816239595413208
"I144K,I168E",-4.60547137260437
"I144K,I168K",-4.685447931289673
"I144D,L183R",-4.810166597366333
"I144D,L183D",-4.85794734954834
"I144D,L183Q",-4.810405731201172
"I144D,L183E",-4.869396448135376
"I144D,L183H",-4.8621320724487305
"I144D,L183K",-4.992511749267578
"I144Q,L183D",-4.829157114028931
"I144Q,L183E",-4.844480991363525
"I144Q,L183H",-4.838259220123291
"I144Q,L183K",-4.9654858112335205
"I144E,L183D",-4.820096254348755
"I144E,L183E",-4.833818674087524
"I144E,L183H",-4.822093486785889
"I144E,L183K",-4.950782537460327
"I144G,L183K",-4.910380840301514
"I144H,L183R",-4.828481674194336
"I144H,L183D",-4.871713161468506
"I144H,L183Q",-4.827603101730347
"I144H,L183E",-4.885221242904663
"I144H,L183K",-4.951430320739746
"I144K,L183K",-4.858774900436401
"I144Y,L183K",-4.490416049957275
"I144D,L188D",-4.769291162490845
"I144D,L188G",-4.947877645492554
"I144E,L188D",-4.980750322341919
"I144E,L188E",-4.995943307876587
"I144D,I192D",-4.651719570159912
"I144D,L212D",-4.796574354171753
"I144D,L212G",-4.670732021331787
"I144Q,L212E",-4.725147724151611
"I144Q,L212G",-4.827949047088623
"I144E,L212D",-4.802250146865845
"I144E,L212E",-4.888417482376099
"I144E,L212G",-4.8810670375823975
"I144G,L212G",-4.657317876815796
"I144H,L212D",-4.894374847412109
"I144K,L212G",-4.885420322418213
"L154D,L157N",-4.82948112487793
"L154D,L157D",-4.959694862365723
"L154D,L157E",-4.880954742431641
"L154E,L157D",-4.868628978729248
"L154H,L157D",-4.840943336486816
"L154D,L159D",-4.831003427505493
"L154D,L159E",-4.838205337524414
"L154D,L159K",-4.827001094818115
"L154D,I168D",-4.952788829803467
"L154D,I168Q",-4.863376617431641
"L154D,I168E",-4.876357078552246
"L154D,I168G",-4.882601022720337
"L154D,I168H",-4.9600841999053955
"L154E,I168D",-4.8671064376831055
"L154E,I168H",-4.8681581020355225
"L154H,I168D",-4.8395843505859375
"L154K,I168D",-4.809757471084595
"L154K,I168H",-4.762204885482788
"L154D,L188D",-4.774535179138184
"L154D,L188E",-4.827924728393555
"L154D,L212G",-4.807946443557739
"L157H,L133E",-4.7889862060546875
"L157G,I144H",-4.819677352905273
"L157K,I144R",-4.576934814453125
"L157D,L154K",-4.814504623413086
"L157D,D158P",-4.819424390792847
"L157N,L159N",-4.838898658752441
"L157N,L159D",-4.9608564376831055
"L157N,L159E",-4.965108394622803
"L157N,L159K",-4.955832481384277
"L157D,L159R",-4.832335710525513
"L157D,L159N",-4.96798849105835
"L157D,L159D",-5.092801570892334
"L157D,L159Q",-4.902806043624878
"L157D,L159E",-5.099019527435303
"L157D,L159H",-4.871467113494873
"L157D,L159K",-5.085775375366211
"L157Q,L159D",-4.775376319885254
"L157Q,L159E",-4.853403806686401
"L157Q,L159K",-4.8395631313323975
"L157E,L159N",-4.8925416469573975
"L157E,L159D",-5.015520334243774
"L157E,L159Q",-4.824143648147583
"L157E,L159E",-5.02461576461792
"L157E,L159H",-4.86302924156189
"L157E,L159K",-5.008440971374512
"L157G,L159D",-4.814289331436157
"L157G,L159E",-4.815650701522827
"L157G,L159K",-4.808807373046875
"L157H,L159D",-4.890754699707031
"L157H,L159E",-4.898660659790039
"L157H,L159K",-4.886128902435303
"L157K,L159D",-4.917619943618774
"L157K,L159E",-4.928563833236694
"L157K,L159K",-4.92067551612854
"L157N,N162P",-4.898558855056763
"L157D,N162P",-5.026345491409302
"L157E,N162P",-4.951396465301514
"L157H,N162P",-4.82988166809082
"L157K,N162P",-4.856476783752441
"L157N,L164D",-4.9007673263549805
"L157N,L164E",-4.859128713607788
"L157D,L164N",-4.855846405029297
"L157D,L164D",-5.0302207469940186
"L157D,L164E",-4.992198467254639
"L157D,L164G",-4.869279146194458
"L157D,L164K",-4.860087871551514
"L157E,L164D",-4.95565390586853
"L157E,L164E",-4.920392990112305
"L157H,L164D",-4.8299126625061035
"L157K,L164D",-4.854443311691284
"L157K,L164E",-4.819147348403931
"L157D,G166P",-4.865697860717773
"L157R,I168D",-4.889514446258545
"L157R,I168E",-4.808046817779541
"L157R,I168G",-4.819121599197388
"L157N,I168R",-4.8874289989471436
"L157N,I168D",-5.091367483139038
"L157N,I168Q",-4.9971699714660645
"L157N,I168E",-5.008790969848633
"L157N,I168G",-5.015545129776001
"L157N,I168H",-4.975425481796265
"L157N,I168K",-4.907108783721924
"L157D,I168R",-5.04722261428833
"L157D,I168N",-4.885095596313477
"L157D,I168D",-5.217139005661011
"L157D,I168Q",-5.131018161773682
"L157D,I168E",-5.141955137252808
"L157D,I168G",-5.145757675170898
"L157D,I168H",-5.21777081489563
"L157D,I168K",-5.041659593582153
"L157D,I168S",-4.808493137359619
"L157Q,I168D",-4.973410606384277
"L157Q,I168Q",-4.88629937171936
"L157Q,I168E",-4.894545316696167
"L157Q,I168G",-4.8964667320251465
"L157Q,I168H",-4.97393798828125
"L157E,I168R",-4.970950126647949
"L157E,I168N",-4.807187795639038
"L157E,I168D",-5.142268419265747
"L157E,I168Q",-5.053074836730957
"L157E,I168E",-5.066469430923462
"L157E,I168G",-5.065919637680054
"L157E,I168H",-5.104755640029907
"L157E,I168K",-4.961552619934082
"L157G,I168D",-4.938427448272705
"L157G,I168Q",-4.8466339111328125
"L157G,I168E",-4.857447624206543
"L157G,I168G",-4.8677427768707275
"L157G,I168H",-4.937446594238281
"L157H,I168D",-5.017382860183716
"L157H,I168Q",-4.928202867507935
"L157H,I168E",-4.938845872879028
"L157H,I168K",-4.674388885498047
"L157K,I168R",-4.74268102645874
"L157K,I168D",-5.043816804885864
"L157K,I168Q",-4.9616005420684814
"L157K,I168E",-4.965389728546143
"L157K,I168G",-4.970215082168579
"L157K,I168H",-5.046458005905151
"L157K,I168K",-4.8594701290130615
"L157Y,I168D",-4.818919658660889
"L157D,D182P",-4.811999082565308
"L157N,L183K",-4.914930582046509
"L157D,L183R",-4.865123987197876
"L157D,L183N",-4.841466665267944
"L157D,L183D",-4.911698579788208
"L157D,L183Q",-4.86185359954834
"L157D,L183E",-4.925107479095459
"L157D,L183H",-4.910891771316528
"L157D,L183K",-5.046916484832764
"L157E,L183D",-4.8341288566589355
"L157E,L183E",-4.848437547683716
"L157E,L183H",-4.838365077972412
"L157E,L183K",-4.967727184295654
"L157H,L183K",-4.847330093383789
"L157K,L183K",-4.878895998001099
"L157D,N186P",-4.8446409702301025
"L157N,L188N",-4.592587947845459
"L157N,L188D",-4.952725410461426
"L157N,L188E",-4.963472366333008
"L157N,L188G",-4.902888774871826
"L157D,L188A",-4.843081712722778
"L157D,L188N",-4.973962068557739
"L157D,L188D",-5.079149484634399
"L157D,L188Q",-4.847432851791382
"L157D,L188E",-5.094601154327393
"L157D,L188G",-5.037202835083008
"L157D,L188K",-4.938648700714111
"L157Q,L188D",-4.8332679271698
"L157Q,L188E",-4.850865364074707
"L157E,L188N",-4.9000937938690186
"L157E,L188D",-5.004802703857422
"L157E,L188E",-5.024403095245361
"L157E,L188G",-4.955066919326782
"L157E,L188K",-4.8593668937683105
"L157G,L188E",-4.8140764236450195
"L157H,L188D",-4.882126092910767
"L157H,L188E",-4.893534183502197
"L157K,L188D",-4.817091226577759
"L157K,L188E",-4.9243104457855225
"L157K,L188G",-4.863536596298218
"L157D,I192D",-4.891263246536255
"L157D,I192G",-4.817697286605835
"L157D,I192H",-4.9146809577941895
"L157E,I192D",-4.81497859954834
"L157N,L212D",-4.924687147140503
"L157N,L212E",-4.853288650512695
"L157N,L212G",-4.939075946807861
"L157D,L212N",-4.874849319458008
"L157D,L212D",-5.0512354373931885
"L157D,L212E",-4.9852447509765625
"L157D,L212G",-5.072552919387817
"L157Q,L212G",-4.821384906768799
"L157E,L212D",-4.976032733917236
"L157E,L212E",-4.91310715675354
"L157E,L212G",-4.991716623306274
"L157H,L212D",-4.85422420501709
"L157K,L212D",-4.877001762390137
"L157K,L212E",-4.8127970695495605
"L157K,L212G",-4.899449825286865
"D158P,I168D",-4.814799785614014
"D158P,I168H",-4.824529647827148
"L159K,I144R",-4.579500436782837
"L159N,L157K",-4.8054518699646
"L159H,L157N",-4.68548321723938
"L159D,N162P",-4.902772903442383
"L159E,N162P",-4.909022808074951
"L159K,N162P",-4.894708871841431
"L159D,L164D",-4.901970386505127
"L159D,L164E",-4.865893363952637
"L159E,L164D",-4.9110496044158936
"L159E,L164E",-4.874883651733398
"L159K,L164D",-4.894125461578369
"L159K,L164E",-4.8592188358306885
"L159R,I168D",-4.832443714141846
"L159R,I168H",-4.837286949157715
"L159N,I168D",-4.968867063522339
"L159N,I168E",-4.891314506530762
"L159N,I168G",-4.901588439941406
"L159N,I168H",-4.9730353355407715
"L159D,I168R",-4.926277160644531
"L159D,I168D",-5.091456174850464
"L159D,I168Q",-5.002721548080444
"L159D,I168E",-5.016768932342529
"L159D,I168G",-5.021565675735474
"L159D,I168H",-5.094907283782959
"L159D,I168K",-4.915765762329102
"L159D,I168Y",-4.911010026931763
"L159Q,I168D",-4.900908470153809
"L159Q,I168Q",-4.81610107421875
"L159Q,I168E",-4.82150411605835
"L159Q,I168G",-4.829107046127319
"L159Q,I168H",-4.907402992248535
"L159E,I168R",-4.933226585388184
"L159E,I168D",-5.098132371902466
"L159E,I168Q",-5.011116027832031
"L159E,I168E",-5.0231239795684814
"L159E,I168G",-5.024458646774292
"L159E,I168H",-5.099700927734375
"L159E,I168K",-4.923596620559692
"L159E,I168Y",-4.916634798049927
"L159H,I168D",-4.955036640167236
"L159H,I168Q",-4.855287551879883
"L159H,I168E",-4.8743956089019775
"L159H,I168G",-4.88128399848938
"L159H,I168H",-4.9250030517578125
"L159K,I168R",-4.917474031448364
"L159K,I168D",-5.086159944534302
"L159K,I168Q",-5.000683546066284
"L159K,I168E",-5.005462169647217
"L159K,I168G",-5.009444236755371
"L159K,I168H",-5.085658073425293
"L159K,I168K",-4.792717456817627
"L159K,I168Y",-4.729161977767944
"L159D,L183K",-4.91638445854187
"L159E,L183K",-4.925476789474487
"L159K,L183K",-4.921932935714722
"L159N,L188D",-4.829211950302124
"L159N,L188E",-4.84475302696228
"L159D,L188N",-4.717769145965576
"L159D,L188D",-4.9514312744140625
"L159D,L188E",-4.967581272125244
"L159D,L188G",-4.909539222717285
"L159D,L188K",-4.810641288757324
"L159E,L188N",-4.853637933731079
"L159E,L188D",-4.9607155323028564
"L159E,L188E",-4.9796671867370605
"L159E,L188G",-4.911663770675659
"L159E,L188K",-4.524906396865845
"L159H,L188D",-4.817638158798218
"L159H,L188E",-4.829583406448364
"L159K,L188N",-4.825831651687622
"L159K,L188D",-4.805055141448975
"L159K,L188E",-4.960922956466675
"L159K,L188K",-4.809194564819336
"L159N,L212G",-4.8247246742248535
"L159D,L212D",-4.921717166900635
"L159D,L212E",-4.857362985610962
"L159D,L212G",-4.944552898406982
"L159E,L212D",-4.929187059402466
"L159E,L212E",-4.866051435470581
"L159E,L212G",-4.9487738609313965
"L159K,L212D",-4.897296190261841
"L159K,L212E",-4.83016037940979
"L159K,L212G",-4.937382459640503
"N162P,I120Q",-4.808226823806763
"N162F,L133D",-4.541746616363525
"N162F,L157D",-4.406477212905884
"N162W,L157N",-4.06109344959259
"N162P,L164D",-4.84033989906311
"N162W,L164D",-4.5455803871154785
"N162F,I168D",-4.864900588989258
"N162P,I168R",-4.861223459243774
"N162P,I168D",-5.025315284729004
"N162P,I168Q",-4.940133810043335
"N162P,I168E",-4.946710109710693
"N162P,I168G",-4.95586371421814
"N162P,I168H",-5.030532360076904
"N162P,I168K",-4.849802494049072
"N162P,I168Y",-4.75051474571228
"N162W,I168D",-5.021698474884033
"N162W,I168E",-4.6499388217926025
"N162P,L183K",-4.8555474281311035
"N162W,L183K",-4.451966285705566
"N162P,L188D",-4.89369535446167
"N162P,L188E",-4.902737379074097
"N162P,L188G",-4.845192909240723
"N162W,L188D",-4.402265787124634
"N162P,L212D",-4.858459711074829
"N162P,L212G",-4.880005836486816
"L164N,L133D",-4.805203914642334
"L164D,I144E",-4.857832193374634
"L164D,I144G",-4.587953567504883
"L164E,I144D",-4.6825339794158936
"L164E,I144G",-4.513101577758789
"L164E,I144H",-4.874003171920776
"L164G,I144D",-4.8091912269592285
"L164G,I144H",-4.354508996009827
"L164N,I168D",-4.694883346557617
"L164N,I168H",-4.628561019897461
"L164D,I168R",-4.856105327606201
"L164D,I168D",-5.020779132843018
"L164D,I168Q",-4.937001705169678
"L164D,I168E",-4.946375370025635
"L164D,I168G",-4.951208114624023
"L164D,I168H",-5.0265045166015625
"L164D,I168K",-4.847322463989258
"L164E,I168R",-4.8177642822265625
"L164E,I168D",-4.981549263000488
"L164E,I168Q",-4.895366430282593
"L164E,I168E",-4.908545732498169
"L164E,I168G",-4.69825553894043
"L164E,I168H",-4.979121208190918
"L164E,I168K",-4.808523178100586
"L164G,I168D",-4.860469341278076
"L164G,I168H",-4.86605167388916
"L164K,I168D",-4.789828300476074
"L164D,L183K",-4.851917505264282
"L164E,L183K",-4.816646337509155
"L164D,L188D",-4.885031700134277
"L164D,L188E",-4.900603294372559
"L164D,L188G",-4.8409106731414795
"L164E,L188D",-4.849058389663696
"L164E,L188E",-4.8711020946502686
"L164D,L212D",-4.764688491821289
"L164D,L212G",-4.708151817321777
"L164E,L212D",-4.818380832672119
"L164E,L212G",-4.84027361869812
"G166P,I144D",-4.728765964508057
"G166P,I144H",-4.618474006652832
"G166P,I168D",-4.64792275428772
"G166P,I168H",-4.830788850784302
"I168H,L15D",-4.700955390930176
"I168R,I120H",-4.818917989730835
"I168D,I120G",-4.802908420562744
"I168D,I120H",-4.713427305221558
"I168D,I120K",-4.599363565444946
"I168E,I120Q",-4.851171016693115
"I168E,I120G",-4.727010488510132
"I168G,I120Q",-4.799262285232544
"I168G,I120H",-4.8273398876190186
"I168H,I120R",-4.67218542098999
"I168H,I120E",-4.8254475593566895
"I168H,I120Y",-4.565784931182861
"I168K,I120H",-4.726832628250122
"I168Y,I120E",-4.731792688369751
"I168Q,L133N",-4.815698623657227
"I168H,L133N",-4.87459659576416
"I168W,L133D",-4.511442422866821
"I168Y,L133D",-4.7321929931640625
"I168Y,L133E",-4.741418838500977
"I168W,L135D",-4.4164814949035645
"I168Y,L135D",-4.596781253814697
"I168G,I144R",-4.698469638824463
"I168G,I144D",-4.537649154663086
"I168H,I144R",-4.67378830909729
"I168H,I144K",-4.719590187072754
"I168G,L157H",-4.842902660369873
"I168H,L157R",-4.758403062820435
"I168H,L157H",-4.72179651260376
"I168Y,L157D",-4.826254844665527
"I168Q,L159N",-4.717296838760376
"I168W,L159D",-4.681932210922241
"I168W,L159E",-4.478496074676514
"I168H,L164K",-4.721784830093384
"I168H,D182P",-4.816814661026001
"I168R,L183K",-4.87364387512207
"I168D,L183R",-4.863525390625
"I168D,L183N",-4.840646743774414
"I168D,L183D",-4.910433530807495
"I168D,L183Q",-4.861791372299194
"I168D,L183E",-4.922107219696045
"I168D,L183H",-4.91533899307251
"I168D,L183K",-5.04616641998291
"I168Q,L183D",-4.819218635559082
"I168Q,L183E",-4.834549188613892
"I168Q,L183H",-4.81318473815918
"I168Q,L183K",-4.955833911895752
"I168E,L183D",-4.834354639053345
"I168E,L183E",-4.84802770614624
"I168E,L183H",-4.836633682250977
"I168E,L183K",-4.9630446434021
"I168G,L183D",-4.837810516357422
"I168G,L183E",-4.848582744598389
"I168G,L183H",-4.844372510910034
"I168G,L183K",-4.968578815460205
"I168H,L183R",-4.8689024448394775
"I168H,L183N",-4.845317363739014
"I168H,L183D",-4.913738250732422
"I168H,L183Q",-4.868775129318237
"I168H,L183E",-4.92473578453064
"I168H,L183K",-5.041885614395142
"I168W,L183K",-4.502302408218384
"I168Y,L183K",-4.790507793426514
"I168D,N186P",-4.839973449707031
"I168D,N186W",-5.102157115936279
"I168E,N186W",-5.023059368133545
"I168H,N186P",-4.846879720687866
"I168R,L188E",-4.880051374435425
"I168D,L188D",-4.899120092391968
"I168D,L188G",-5.017910480499268
"I168E,L188D",-4.981281280517578
"I168E,L188E",-5.0083394050598145
"I168G,L188N",-4.7824225425720215
"I168H,L188D",-4.769611597061157
"I168H,L188E",-4.995704412460327
"I168K,L188E",-4.912021160125732
"I168D,N209W",-4.6439619064331055
"I168R,L212G",-4.7274394035339355
"I168D,L212D",-4.869475364685059
"I168D,L212G",-4.7418036460876465
"I168E,L212D",-4.962545394897461
"I168E,L212E",-4.898974418640137
"I168E,L212G",-4.983361482620239
"I168G,L212G",-4.857487678527832
"I168K,L212G",-4.89167332649231
"L183H,I144H",-4.813261270523071
"L183K,I144R",-4.683022737503052
"L183H,I168H",-4.852309942245483
"L183K,I168K",-4.826217412948608
"L183K,L188N",-4.806344270706177
"L183K,L188D",-4.904998302459717
"L183K,L188E",-4.922556400299072
"L183K,L188G",-4.86174750328064
"L183K,L212D",-4.877545595169067
"L183K,L212E",-4.812945127487183
"L183K,L212G",-4.900054931640625
"N186W,L133D",-4.4998533725738525
"N186W,L157N",-4.394156336784363
"N186W,L157D",-4.441516160964966
"N186W,L164E",-4.613758563995361
"N186W,I168G",-4.7098388671875
"N186W,I168H",-4.7429022789001465
"N186W,L188E",-4.5478644371032715
"N186W,L188G",-4.574834823608398
"N186W,L212D",-4.64332914352417
"N186W,L212E",-4.423028588294983
"N186W,L212G",-4.626367568969727
"L188E,I120G",-4.681818246841431
"L188E,I120H",-4.7885472774505615
"L188E,I120K",-4.833562850952148
"L188G,I120H",-4.782272577285767
"L188N,I144E",-4.7766289710998535
"L188D,I144G",-4.351786494255066
"L188E,I144H",-4.684117078781128
"L188E,I144K",-4.825064659118652
"L188G,I144H",-4.430043339729309
"L188G,I144K",-4.630199670791626
"L188G,L157H",-4.6005144119262695
"L188G,L159K",-4.837386131286621
"L188N,I168E",-4.595248699188232
"L188D,I168G",-4.763490915298462
"L188E,I168D",-4.746531009674072
"L188E,I168Q",-4.795965194702148
"L188G,I168H",-4.86740779876709
"L188G,I168K",-4.808487892150879
"L188D,L212D",-4.905730485916138
"L188D,L212E",-4.842283725738525
"L188D,L212G",-4.6047234535217285
"L188E,L212D",-4.7785115242004395
"L188E,L212E",-4.861318588256836
"L188E,L212G",-4.942547798156738
"L188G,L212G",-4.883955717086792
"G190F,L133D",-4.705442428588867
"G190M,L157D",-4.665956497192383
"G190F,L157D",-4.714204549789429
"G190Y,L157D",-4.58004093170166
"G190M,I168D",-4.424156188964844
"G190M,I168H",-3.9972630739212036
"G190F,I168D",-4.613679885864258
"G190Y,I168D",-4.477727890014648
"I192H,L157E",-4.803645610809326
"L212D,I144G",-4.585913181304932
"L212G,L157H",-4.692348003387451
"L212D,I168Q",-4.771272420883179
"L212D,I168G",-4.804289817810059
"L212D,I168H",-4.780402183532715
"L212E,I168Q",-4.719735145568848
"L212G,I168Q",-4.813069105148315
"L212G,I168H",-4.7955310344696045
"L212D,L188G",-4.657231092453003
"P222W,A39C",-2.6257729530334473
"P222C,F100W",-2.3138402104377747
"P222W,F100C",-2.2004042714834213
"P222C,D101C",-2.0234808027744293
"P222C,D101W",-2.1732088923454285
"P222W,D101C",-2.1733421683311462
"P222C,N102C",-3.3716880679130554
"P222C,N102W",-3.123410165309906
"P222W,N102C",-3.184614360332489
"P222C,G104W",-3.4874361753463745
"P222W,G104C",-3.494321584701538
"S223C,A39W",-2.397161543369293
"S223W,A39C",-2.5997422486543655
"S223C,N40W",-2.785557359457016
