,A,R,N,D,C,Q,E,G,H,I,L,K,M,F,P,S,T,W,Y,V
G,-0.32359376549720764,-0.35070738196372986,-0.342684268951416,-0.42043471336364746,0.43265509605407715,-0.21440891921520233,-0.2061118334531784,-0.18826551735401154,-0.05338772013783455,0.025325635448098183,-0.02534606121480465,-0.3848089873790741,1.21657133102417,0.19449134171009064,-1.408246636390686,-0.14232243597507477,-0.13646508753299713,0.21312938630580902,0.14271843433380127,0.07851334661245346
N,2.4797310829162598,2.274911880493164,2.5644025802612305,1.690206527709961,2.114942789077759,2.3600528240203857,2.2237613201141357,1.4342188835144043,2.3277714252471924,2.274836540222168,2.0819904804229736,2.23583722114563,2.244640827178955,2.187675714492798,2.440548896789551,2.35103440284729,2.250042676925659,2.1658003330230713,2.354262113571167,2.2985026836395264
I,-2.22123122215271,-3.601816415786743,-3.1432905197143555,-3.806741952896118,-1.5551800727844238,-2.9911816120147705,-3.350543975830078,-3.35509991645813,-2.892252206802368,2.3497488498687744,0.6816450953483582,-3.440383195877075,-0.346085786819458,-0.43388524651527405,-2.6725234985351562,-3.095611333847046,-1.983992099761963,-1.684883952140808,-1.8066943883895874,0.5239081382751465
P,-1.3131389617919922,-2.0297584533691406,-1.6812286376953125,-1.5281604528427124,-1.3608797788619995,-1.6099519729614258,-1.7947258949279785,-1.7743854522705078,-1.583664059638977,-1.7614949941635132,-1.4701271057128906,-2.1684370040893555,-1.8350003957748413,-1.781338095664978,-0.03467145189642906,-0.949781596660614,-1.2614153623580933,-1.8428155183792114,-2.088987112045288,-1.7268956899642944
A,2.374150514602661,1.4223860502243042,0.45498013496398926,0.35208165645599365,1.0067601203918457,1.0557318925857544,0.7801142334938049,0.5751259326934814,0.8675176501274109,0.9244750142097473,0.8458468914031982,1.3970551490783691,0.9479403495788574,0.6662780046463013,1.849568247795105,1.2272893190383911,0.8429037928581238,0.87717604637146,0.7477371096611023,1.0263988971710205
E,2.3728950023651123,1.8432917594909668,2.125746965408325,1.711927056312561,0.999890148639679,2.3464739322662354,2.837801694869995,1.7777503728866577,2.186352252960205,0.5999792218208313,1.3696733713150024,1.757846713066101,1.9924875497817993,2.28791880607605,-0.43504929542541504,2.527392864227295,1.895512580871582,2.3260674476623535,2.3719065189361572,0.9764528870582581
L,-1.9096869230270386,-3.000333547592163,-2.6017961502075195,-3.007638931274414,-0.7609281539916992,-2.538919687271118,-2.67795467376709,-3.162785291671753,-1.7082586288452148,1.0226718187332153,1.2466224431991577,-3.0599424839019775,0.02605891227722168,1.2993286848068237,-2.7945470809936523,-2.5102360248565674,-1.6691797971725464,1.1667791604995728,0.6205136179924011,0.0509863905608654
G,-0.08904830366373062,-0.5384742617607117,-1.0591847896575928,-1.6942139863967896,-0.5663399696350098,-0.6571194529533386,-1.2337939739227295,0.2272486835718155,-1.023366928100586,-0.7832141518592834,-0.6846998333930969,-0.5780730843544006,-0.3288169205188751,-0.7892219424247742,-2.0278406143188477,-0.10970618575811386,-0.3526633679866791,-0.7929776310920715,-0.9200587272644043,-0.5023494362831116
D,2.6606500148773193,2.910534620285034,2.6674489974975586,2.539036512374878,2.247716188430786,2.881826400756836,2.4778544902801514,1.6595582962036133,2.500373601913452,1.3617949485778809,2.6950016021728516,2.61163067817688,2.9500529766082764,2.237910032272339,-1.4779787063598633,2.361755609512329,1.7388776540756226,2.0900967121124268,2.4706156253814697,1.2705930471420288
C,-1.8288594484329224,-3.068696975708008,-1.8957322835922241,-1.9232155084609985,0.11555000394582748,-2.204880475997925,-2.1791090965270996,-2.4073376655578613,-2.1958987712860107,-0.7930132746696472,-0.5334082245826721,-2.931396722793579,-0.8462182879447937,-1.3437113761901855,-2.4687583446502686,-1.9647382497787476,-1.9717493057250977,-1.7258669137954712,-1.9658266305923462,-1.3398014307022095
R,0.0470118522644043,0.3888827860355377,-0.28530552983283997,-0.24343764781951904,-1.053648829460144,-0.29344794154167175,-0.35768818855285645,-0.3074440062046051,-0.5101824402809143,-1.1282202005386353,-1.5844640731811523,0.04030705615878105,-1.3394793272018433,-1.6787190437316895,0.4519624412059784,0.46899136900901794,0.12050021439790726,-1.5952458381652832,-1.5414328575134277,-0.725939929485321
S,1.9691580533981323,2.335481882095337,1.9522571563720703,1.0317896604537964,1.0720207691192627,1.9956578016281128,1.2716156244277954,1.4241551160812378,1.738962173461914,0.4496172368526459,1.174702763557434,2.1454408168792725,1.6871401071548462,1.1092572212219238,-0.7547079920768738,2.770845413208008,1.421221375465393,0.9922702312469482,1.30885910987854,0.7062303423881531
L,-1.6991134881973267,-2.994502305984497,-2.491478204727173,-2.4276723861694336,-1.2123132944107056,-2.0608315467834473,-2.05828595161438,-2.4952967166900635,-2.4943525791168213,-0.277567058801651,0.3596480190753937,-2.7400944232940674,-0.7568122744560242,-1.8273876905441284,-2.257446527481079,-2.2649996280670166,-1.896749496459961,-2.532710552215576,-2.644395112991333,-0.6983272433280945
I,0.7212080955505371,1.0564231872558594,0.39450111985206604,-0.44725194573402405,1.4665459394454956,1.3398853540420532,0.7907822132110596,-0.5878368020057678,1.0973401069641113,3.698343515396118,2.938471555709839,0.7960104942321777,2.6699202060699463,2.4493916034698486,-2.0457489490509033,0.4666651487350464,1.353850245475769,2.0685503482818604,2.352403402328491,2.543318510055542
W,3.198578119277954,3.6515512466430664,2.054421901702881,0.5131789445877075,2.866678237915039,2.8821022510528564,1.651302695274353,1.6608448028564453,3.2065467834472656,3.785435438156128,3.8646676540374756,3.100238084793091,3.9698493480682373,4.418845176696777,0.345111221075058,2.971564531326294,3.270136594772339,4.975773334503174,4.6956915855407715,3.783935308456421
L,-0.864990234375,-1.8410934209823608,-1.9692507982254028,-2.171351194381714,-0.5843663811683655,-1.4147744178771973,-1.567273736000061,-1.8885475397109985,-1.799540400505066,1.2245559692382812,1.0028177499771118,-1.754526138305664,-0.2990608215332031,-1.3444128036499023,-1.5452075004577637,-1.4637616872787476,-0.7964891791343689,-2.5145561695098877,-2.3526298999786377,0.91302090883255
D,2.7924816608428955,3.2557504177093506,2.3107082843780518,1.845682978630066,3.0893242359161377,3.2345616817474365,2.100698471069336,1.7776578664779663,2.8129994869232178,2.9215404987335205,3.248533248901367,2.7866039276123047,3.6151392459869385,2.5785632133483887,-1.17100989818573,3.029343843460083,2.8878982067108154,2.2415096759796143,2.829019546508789,3.1350595951080322
L,-1.6822900772094727,-2.7177627086639404,-2.569483995437622,-3.1192588806152344,-1.3825641870498657,-2.3351433277130127,-2.8714187145233154,-2.63377046585083,-2.4292714595794678,0.6399423480033875,0.9373881220817566,-2.738703489303589,-0.4726247787475586,-1.0274885892868042,-2.4055421352386475,-2.2949411869049072,-1.59035062789917,-2.0817959308624268,-2.144822835922241,0.07303337007761002
N,4.211511135101318,4.1373114585876465,3.510417938232422,1.865848183631897,3.5809414386749268,3.9811112880706787,2.8974602222442627,3.0985586643218994,3.309211015701294,2.9053399562835693,3.5704734325408936,3.495431900024414,4.070523262023926,2.5990350246429443,0.09650234133005142,4.400749683380127,3.7655389308929443,2.2644472122192383,2.622971296310425,3.208767890930176
T,2.4364893436431885,3.295598268508911,2.3758938312530518,1.3971902132034302,1.6074213981628418,2.5049643516540527,1.8149938583374023,1.6377511024475098,2.9018218517303467,1.9329100847244263,2.29303240776062,2.8590476512908936,2.5900349617004395,3.0792577266693115,-0.010905325412750244,2.461864709854126,2.6886069774627686,3.101663589477539,3.517094373703003,1.9194716215133667
N,1.1108611822128296,1.1039878129959106,2.9758589267730713,1.9833369255065918,1.206809163093567,1.6348336935043335,2.0903167724609375,0.6537520289421082,2.022205114364624,-0.16989564895629883,0.3535468578338623,1.5022329092025757,1.2032614946365356,1.5317163467407227,-0.773648202419281,1.0607982873916626,0.4157443046569824,1.506644368171692,2.168745517730713,-0.05556287243962288
L,0.02585611678659916,0.8729270100593567,0.33977892994880676,-0.8535334467887878,0.31219935417175293,0.5097397565841675,-0.42805278301239014,-0.43715760111808777,1.1286671161651611,0.5801725387573242,1.5737923383712769,0.7228110432624817,1.1854584217071533,2.144238233566284,-1.1797678470611572,0.039911866188049316,-0.11330101639032364,2.0869412422180176,2.3425965309143066,0.27457305788993835
F,-2.610272169113159,-2.9659719467163086,-2.9896583557128906,-3.4713382720947266,-1.665772557258606,-2.745137929916382,-3.1784908771514893,-3.4812071323394775,-2.0629851818084717,-0.331146240234375,-0.0009037653799168766,-3.072875738143921,-0.5412035584449768,1.4179067611694336,-3.3175246715545654,-3.073838233947754,-2.690011978149414,0.13206689059734344,-0.11346902698278427,-1.2352553606033325
N,0.5062018036842346,-0.3908238708972931,1.581747055053711,-0.44369396567344666,0.570478618144989,-0.025067120790481567,-0.6092764735221863,-0.44048890471458435,1.3006466627120972,0.6030601263046265,0.8162000775337219,-1.053221583366394,1.008886456489563,3.100471258163452,-2.8591582775115967,1.7401591539382935,1.6577445268630981,2.951425790786743,3.102069854736328,0.7673414349555969
G,-1.6797674894332886,-2.2206473350524902,-1.9996501207351685,-1.8063111305236816,-0.9148867130279541,-2.004850149154663,-1.8412939310073853,-0.7164081931114197,-2.043238639831543,-1.6832417249679565,-1.940354824066162,-2.4948971271514893,-1.6746379137039185,-1.7958978414535522,-4.0956034660339355,-1.2978347539901733,-1.5277262926101685,-1.5085922479629517,-1.915850281715393,-1.3654664754867554
T,-0.5513907074928284,-0.7161963582038879,-0.936495304107666,-1.3551546335220337,-0.34108781814575195,-0.7746925354003906,-1.0148032903671265,-1.1796928644180298,-0.5509011745452881,-0.5719263553619385,-0.9052674174308777,-0.7586886286735535,-0.5970045328140259,-0.23266077041625977,-0.7146673202514648,-0.10553744435310364,0.48010942339897156,-0.1628909856081009,-0.15405581891536713,-0.3839721381664276
I,-1.3714946508407593,-3.5250279903411865,-2.8484344482421875,-3.4231302738189697,-1.3656352758407593,-2.568981885910034,-2.95474910736084,-2.6016321182250977,-2.756082534790039,1.8007593154907227,0.2320905178785324,-3.3493118286132812,-0.4378420412540436,-0.8573887944221497,-2.417790412902832,-2.210108518600464,-1.4064579010009766,-2.1147539615631104,-2.217623233795166,0.6987540125846863
P,-1.1689661741256714,-1.6571258306503296,-1.4327665567398071,-1.1387523412704468,-1.0883930921554565,-1.2275954484939575,-1.2002962827682495,-1.6223821640014648,-1.1894932985305786,-1.583534598350525,-1.345841407775879,-1.6503416299819946,-1.474545955657959,-1.5489164590835571,0.10667992383241653,-0.9765723347663879,-1.2895137071609497,-1.6617441177368164,-1.6565176248550415,-1.5180824995040894
A,2.0581250190734863,0.8524348735809326,0.29486730694770813,0.21614162623882294,0.6681549549102783,0.6826081275939941,0.5099248290061951,0.5237041115760803,0.5072395205497742,0.5287715792655945,0.49574288725852966,0.8879642486572266,0.6757175326347351,0.42769432067871094,1.3437467813491821,0.990908145904541,0.6452488303184509,0.6421990990638733,0.470965713262558,0.7043638825416565
A,2.5361387729644775,1.9452015161514282,1.6183080673217773,1.2682591676712036,1.6807260513305664,1.8495497703552246,1.775647759437561,1.2255867719650269,1.9648518562316895,0.8670206069946289,1.3527984619140625,1.75565767288208,1.6818963289260864,2.291050910949707,-0.17232461273670197,1.9081610441207886,1.431797981262207,2.8247451782226562,2.515540838241577,1.0411549806594849
M,-0.568864643573761,-1.0653468370437622,-0.5267953872680664,-0.7866665720939636,-0.010746876709163189,-0.9140422940254211,-1.0240514278411865,-0.9159908294677734,-0.24960888922214508,-1.1099690198898315,-0.18094490468502045,-1.073818325996399,0.6109336018562317,1.0206884145736694,-1.9594453573226929,-0.7495052218437195,-1.2665077447891235,0.8335999846458435,0.7190861105918884,-1.2024987936019897
F,-1.476584792137146,-2.3424386978149414,-1.9462608098983765,-2.4232985973358154,-0.6813766956329346,-2.0451478958129883,-2.205759286880493,-2.0520870685577393,-1.3303645849227905,-0.8095151782035828,-0.24395684897899628,-2.4179112911224365,-0.2625843286514282,1.8080339431762695,-3.029900312423706,-2.0779480934143066,-2.0654187202453613,1.2508679628372192,0.9289910197257996,-1.2434847354888916
K,1.9823368787765503,2.234341621398926,2.0972301959991455,1.1576440334320068,1.419751763343811,2.3185060024261475,1.8276606798171997,1.0549540519714355,2.2182297706604004,1.611674189567566,2.2775843143463135,2.5610249042510986,2.57255482673645,2.501661539077759,-0.9209912419319153,1.960541844367981,1.8278965950012207,2.4078457355499268,2.7621822357177734,1.6706680059432983
Q,0.5657429695129395,1.021322250366211,0.7514700889587402,-0.41845646500587463,-0.451057106256485,1.0623072385787964,-0.4470238983631134,0.07520520687103271,0.5944476127624512,0.4879361689090729,0.7272169589996338,0.8123825192451477,0.8537492156028748,0.6024627685546875,-1.1855671405792236,0.932573139667511,0.8374281525611877,0.3430812358856201,0.4640209376811981,0.396709680557251
S,0.5563643574714661,-0.8392590880393982,-0.3138544261455536,-1.3686498403549194,0.4105607569217682,-0.6401777863502502,-1.6637698411941528,0.18737103044986725,-0.6563249230384827,0.602221667766571,0.49015673995018005,-0.9578195214271545,0.30821558833122253,0.05769394710659981,-0.7570192813873291,1.5295253992080688,0.9195775389671326,-0.07814779877662659,-0.5847927927970886,0.780693531036377
G,0.5963327884674072,-0.0516166090965271,0.45337870717048645,0.23341791331768036,0.45244064927101135,0.4756673276424408,0.363480806350708,0.8382037281990051,0.3115692436695099,0.09738985449075699,0.23806625604629517,0.003302544355392456,0.5865352749824524,0.34971296787261963,-0.8053877949714661,0.8907284736633301,0.6664069890975952,0.2657605707645416,0.24303877353668213,0.3560507297515869
K,0.22288990020751953,0.5060065388679504,-0.3978533446788788,-1.160262107849121,-0.07761798053979874,-0.10828518122434616,-0.6870407462120056,-0.5145854353904724,0.005846043583005667,0.6592661142349243,0.33207809925079346,1.1001969575881958,0.36808040738105774,0.3564012944698334,-0.5325279831886292,-0.1604517549276352,-0.14281241595745087,0.08707571029663086,0.24565596878528595,0.5588893294334412
I,-0.9302222728729248,-1.4922904968261719,-1.4541763067245483,-2.0562057495117188,-0.6257663369178772,-1.0470472574234009,-1.469020962715149,-1.6897200345993042,-1.2044720649719238,2.0742859840393066,0.8849182724952698,-1.3014742136001587,0.48893454670906067,-0.17172615230083466,-1.9607019424438477,-1.3594876527786255,-0.5956935882568359,-0.9999322295188904,-0.7594659924507141,0.9027566909790039
A,0.16395170986652374,-1.3914767503738403,-0.5493658781051636,-1.0006388425827026,-0.8165604472160339,-1.160863995552063,-1.5939944982528687,-0.35083603858947754,-1.1085389852523804,-2.1141140460968018,-1.6749335527420044,-1.4261202812194824,-1.2275795936584473,-1.1498275995254517,-1.5663905143737793,0.2870073616504669,-0.4100949764251709,-1.074485182762146,-1.2047849893569946,-1.4821600914001465
A,0.6837487816810608,-0.8178266882896423,-0.8125236630439758,-1.3519225120544434,-0.23630784451961517,-0.6001946926116943,-1.150600552558899,-0.41024938225746155,-0.9763836860656738,-0.48560211062431335,-0.5876857042312622,-0.7783408164978027,-0.3275042474269867,-0.911210298538208,-1.4038419723510742,0.2552395761013031,0.026629427447915077,-0.9710643887519836,-1.069044589996338,-0.055875856429338455
N,0.05851556733250618,0.2518550455570221,0.6900725960731506,-0.3307325839996338,-0.19459021091461182,0.13524965941905975,-0.2007712572813034,-0.23123222589492798,-0.01032827328890562,-0.7914128303527832,-0.48015841841697693,0.20400846004486084,0.004356155637651682,-0.3194916546344757,-1.565773606300354,0.3502715826034546,-0.09428007155656815,-0.5156652927398682,-0.24208736419677734,-0.47959351539611816
F,-0.8717181086540222,-1.4728342294692993,-0.9741749167442322,-1.011196255683899,0.1106620654463768,-1.0032331943511963,-0.7827565670013428,-1.4062169790267944,-0.3608582019805908,-0.1774047464132309,0.18862926959991455,-1.369362235069275,0.24284599721431732,2.0005862712860107,-1.5347685813903809,-1.4826573133468628,-1.491702675819397,1.449144721031189,1.4018656015396118,-0.5895065665245056
I,0.07087534666061401,-0.6143056750297546,-0.5176011919975281,-0.9876060485839844,0.286861389875412,-0.11172275990247726,-0.44089794158935547,-0.6402841210365295,-0.296207994222641,2.360491991043091,1.2280629873275757,-0.49134811758995056,0.8693695664405823,0.3903536796569824,-1.0695676803588867,-0.29782915115356445,0.2801409065723419,-0.24970519542694092,-0.012524783611297607,1.4237500429153442
A,1.1653615236282349,0.09987982362508774,0.17018456757068634,-0.6279094815254211,0.027491847053170204,0.05369028449058533,-0.6861910820007324,0.46666768193244934,-0.13232147693634033,-0.3868052065372467,-0.26959162950515747,0.05461977794766426,-0.00836999248713255,-0.4552523195743561,-0.8511343598365784,0.9916964173316956,0.6002169251441956,-0.639763593673706,-0.5289812684059143,0.08969161659479141
G,-0.5757853388786316,-0.3619519770145416,-0.4367777407169342,-0.6098776459693909,-0.4293416440486908,-0.2589224874973297,-0.3192438781261444,-0.08095605671405792,-0.342673659324646,-0.9374299049377441,-0.767244815826416,-0.2016202211380005,-0.3085937798023224,-0.4547657072544098,-1.3408751487731934,-0.49173346161842346,-0.7315424084663391,-0.5636186599731445,-0.31584432721138,-0.7767108082771301
K,0.35072723031044006,1.0073823928833008,0.2736862003803253,-0.5625389218330383,0.3452726900577545,0.49512505531311035,-0.1758706122636795,-0.0005821188096888363,0.5265342593193054,0.19977103173732758,0.2678109109401703,1.5398868322372437,0.6035046577453613,0.5593450665473938,-0.5434398055076599,0.39204177260398865,0.21308280527591705,0.45457157492637634,0.6946799159049988,0.29049256443977356
R,-0.7102913856506348,0.7731427550315857,-0.5964935421943665,-1.1842013597488403,-0.3752250671386719,-0.3437615633010864,-0.8743225932121277,-0.8196132779121399,-0.34272870421409607,-1.0383220911026,-0.9673016667366028,0.1848866492509842,-0.46431007981300354,-0.5044364333152771,-1.5562968254089355,-0.429886132478714,-0.6971752643585205,-0.609473466873169,-0.29532989859580994,-0.8212575912475586
Y,-0.449289470911026,0.17680180072784424,-0.45968544483184814,-1.1418029069900513,0.396086722612381,-0.3088475465774536,-0.9055599570274353,-0.7792531847953796,0.031378161162137985,0.07602817565202713,0.11566735059022903,0.08243665844202042,0.26867079734802246,0.6745033860206604,-0.9706253409385681,-0.45482000708580017,-0.4754693806171417,0.6059520244598389,1.2684952020645142,-0.08958449959754944
V,-0.5635709762573242,-1.240042805671692,-1.3436660766601562,-1.8632646799087524,0.30461618304252625,-0.9508216977119446,-1.3904714584350586,-1.0482224225997925,-1.1988574266433716,0.7876699566841125,0.11434473842382431,-1.1429682970046997,-0.15946292877197266,-0.7290263175964355,-1.6263939142227173,-0.7425598502159119,-0.4510436952114105,-1.2214308977127075,-1.161321997642517,1.2594002485275269
Y,-1.24497652053833,-0.5065770745277405,-1.0409735441207886,-1.570723533630371,-0.09244348853826523,-0.9047667980194092,-1.3501347303390503,-1.4977034330368042,-0.6630882620811462,-0.7021167278289795,-0.47080501914024353,-0.5448755621910095,-0.25787392258644104,-0.023489713668823242,-1.9743067026138306,-1.2902544736862183,-1.3470641374588013,-0.1327410489320755,0.5817914605140686,-0.9374415874481201
I,-0.4021347463130951,-0.7272351384162903,-1.1970821619033813,-1.7666040658950806,0.3217705190181732,-0.6774165630340576,-1.22848641872406,-1.1794904470443726,-1.0574253797531128,1.6612306833267212,0.49162840843200684,-0.7430480122566223,0.2189733237028122,-0.6174635887145996,-1.6918468475341797,-0.6620776653289795,-0.29144054651260376,-1.0524095296859741,-1.0087016820907593,0.7894237041473389
K,0.648617148399353,1.2205677032470703,0.46530917286872864,0.012615233659744263,0.5704571604728699,0.9117818474769592,0.5140809416770935,0.2215452790260315,0.7186868786811829,0.39129722118377686,0.3610515594482422,1.7345792055130005,0.7753073573112488,0.42478442192077637,-0.5338456630706787,0.7125246524810791,0.5467855930328369,0.27843913435935974,0.6361413598060608,0.5894237160682678
N,0.2072046995162964,0.4490467309951782,0.5203139185905457,-0.8699376583099365,0.2710224688053131,0.04691673442721367,-0.7350783944129944,0.016557762399315834,-0.03539853170514107,-0.44803953170776367,-0.0214038398116827,0.3811342716217041,0.3712080419063568,-0.09766943007707596,-1.1123555898666382,0.16225118935108185,-0.26046857237815857,-0.33714091777801514,-0.1549188792705536,-0.3147154450416565
D,-0.47767174243927,-0.9132993221282959,-0.2710571885108948,0.45468440651893616,-0.7535561919212341,-0.4914219379425049,-0.2546355724334717,-0.38770774006843567,-0.6240947246551514,-1.5520024299621582,-1.3522167205810547,-0.6954630017280579,-0.910687267780304,-1.105149507522583,-1.185524582862854,-0.18165743350982666,-0.7039468884468079,-1.2363704442977905,-1.0328224897384644,-1.1920455694198608
G,-0.14120186865329742,-0.37818261981010437,-0.37976861000061035,-0.6148123741149902,0.07271552085876465,-0.05741651728749275,-0.21282126009464264,0.11119764298200607,-0.36615896224975586,-0.24338722229003906,-0.010910511016845703,-0.20059902966022491,0.2789965867996216,-0.281043142080307,-1.427107334136963,-0.34718427062034607,-0.5027844905853271,-0.5111770629882812,-0.3243354260921478,-0.22806227207183838
M,0.4034234583377838,0.6121480464935303,0.11992571502923965,-0.9047260284423828,0.871182918548584,0.27303770184516907,-0.6006343960762024,0.19867973029613495,0.10504845529794693,1.3107258081436157,0.9209969639778137,0.5755626559257507,1.312045931816101,0.17847061157226562,-0.7020914554595947,0.6148369312286377,0.7991721034049988,-0.24278521537780762,-0.09856031090021133,1.2411068677902222
K,0.522320568561554,1.51126229763031,0.2520633637905121,-0.5894163250923157,0.5590973496437073,0.9279916286468506,0.1813422441482544,-0.06303638964891434,0.6611776947975159,1.332890272140503,0.9656345844268799,2.043919324874878,1.0751948356628418,0.474874347448349,-0.37540438771247864,0.4819198548793793,0.7580164074897766,0.08466487377882004,0.4993312656879425,1.2744406461715698
K,-0.321226567029953,0.8152520060539246,-0.4821415841579437,-1.210168480873108,-0.17333334684371948,0.0684279128909111,-0.5967126488685608,-0.7077602744102478,-0.02185591123998165,0.21257877349853516,0.05523943901062012,1.3786468505859375,0.2996874153614044,0.07136430591344833,-0.9112480282783508,-0.4459722340106964,-0.384737104177475,-0.19372586905956268,0.1360642910003662,0.13713298738002777
E,0.6020097732543945,0.8372358679771423,0.7255846858024597,0.42600834369659424,1.1193912029266357,0.9739475250244141,1.3297966718673706,0.405440092086792,0.8487822413444519,0.7413191795349121,0.6960073113441467,0.8510358333587646,0.9169474244117737,0.5540143847465515,-0.2933204770088196,0.7859613299369812,0.7083945274353027,0.26500171422958374,0.5763079524040222,0.7912490367889404
C,-0.5229434370994568,-0.8247435688972473,-0.7075831294059753,-0.9573187828063965,0.5184406042098999,-0.6643555164337158,-0.8919489979743958,-0.76123046875,-0.7604290843009949,-0.3086221516132355,-0.4382568597793579,-0.7009875178337097,-0.3506891429424286,-0.5977898240089417,-1.077536702156067,-0.4799024164676666,-0.5766547322273254,-0.7513737082481384,-0.755183219909668,-0.3172288239002228
H,0.4881415069103241,0.6024577021598816,0.5642800331115723,0.2772808074951172,0.9129982590675354,0.6482352614402771,0.4446693956851959,0.1974533051252365,1.3245699405670166,0.5116559267044067,0.5391789078712463,0.5458702445030212,0.7544143795967102,0.8837557435035706,-0.3874015808105469,0.7369478344917297,0.6086106300354004,0.8428084850311279,0.940622866153717,0.5635947585105896
G,0.564109742641449,0.44369181990623474,0.4229024648666382,0.27729204297065735,0.7352631688117981,0.6546569466590881,0.5641428828239441,0.846972644329071,0.5247250199317932,0.27943500876426697,0.3489746153354645,0.5227952599525452,0.652637243270874,0.3148910105228424,-0.21981410682201385,0.5039498209953308,0.30159759521484375,0.14947529137134552,0.3372681140899658,0.3641747534275055
A,1.4018279314041138,0.28935506939888,0.14597178995609283,-0.665674090385437,0.8151940703392029,0.2433481067419052,-0.5408376455307007,0.6021302342414856,0.05450127646327019,0.738835334777832,0.6141538619995117,0.2531677186489105,0.6022813320159912,0.10239320248365402,-0.28374984860420227,1.0145530700683594,0.8707271218299866,-0.11838310956954956,-0.16551418602466583,0.961369514465332
G,0.17410969734191895,0.037036191672086716,-0.0949646458029747,-0.1964702606201172,-0.08779803663492203,0.2572539150714874,0.19007472693920135,0.4098847806453705,0.00039496025419794023,-0.2564246356487274,-0.1737665981054306,0.17589311301708221,0.24272410571575165,-0.10890266299247742,-0.7258706092834473,0.10596901178359985,-0.0925619974732399,-0.1555546075105667,-0.015448302030563354,-0.08022848516702652
N,0.7334250807762146,0.7702307105064392,1.1582564115524292,0.06139497831463814,0.4983878433704376,0.6500825881958008,0.19584046304225922,0.503240168094635,0.5275108218193054,0.2451210469007492,0.33404740691185,0.7818920016288757,0.597546398639679,0.2306801676750183,-0.21018652617931366,0.836514413356781,0.5428528189659119,0.023972630500793457,0.22255182266235352,0.37020647525787354
L,0.7419001460075378,0.34081563353538513,0.19913934171199799,-0.5032312870025635,1.0818891525268555,0.620656430721283,0.029848217964172363,0.17650341987609863,0.48160895705223083,2.0433473587036133,2.452993631362915,0.3638805150985718,1.6163209676742554,1.19923734664917,-0.40264245867729187,0.39011481404304504,0.7226464152336121,0.7813374996185303,0.8903743624687195,1.694250464439392
L,-0.25279995799064636,-0.3167811334133148,-0.5008841156959534,-0.932952880859375,1.0248746871948242,-0.026674171909689903,-0.35573622584342957,-0.7301022410392761,-0.04424528405070305,1.3212207555770874,1.7655738592147827,-0.2613964378833771,0.9902455806732178,0.8285290598869324,-1.2913495302200317,-0.58317631483078,-0.21131305396556854,0.4509925842285156,0.5693395137786865,0.9139787554740906
E,0.7146698832511902,0.6531077027320862,0.41736435890197754,0.29507532715797424,1.0705081224441528,0.9403453469276428,1.4635019302368164,0.1681969165802002,0.644615888595581,1.2390111684799194,0.7697113156318665,0.7589742541313171,0.8849924206733704,0.31009578704833984,0.10558443516492844,0.6403725743293762,0.7292802333831787,0.025876304134726524,0.30253836512565613,1.2301901578903198
F,-0.7391358017921448,-1.073656439781189,-0.7511765360832214,-0.9605290293693542,0.10761210322380066,-0.7675127983093262,-0.8225070834159851,-1.0634698867797852,-0.31542882323265076,-0.21473783254623413,0.14348028600215912,-0.9682760238647461,0.21299755573272705,1.4949365854263306,-1.2166385650634766,-1.133982539176941,-1.2131175994873047,1.004348874092102,0.8094936013221741,-0.560869038105011
Q,0.8541209697723389,1.1057621240615845,0.678318202495575,0.21339066326618195,0.5131844878196716,1.472589373588562,0.49964818358421326,0.5252998471260071,0.7402539253234863,0.07101000100374222,0.33276674151420593,1.0491822957992554,0.7573400139808655,0.402179092168808,-0.576853334903717,1.027276873588562,0.6443832516670227,0.23775136470794678,0.49385562539100647,0.35804376006126404
G,0.153133824467659,0.032584089785814285,0.08180650323629379,-0.13239073753356934,0.09686360508203506,0.10240760445594788,-0.023333847522735596,0.5188582539558411,0.07273586839437485,-0.6054259538650513,-0.29626020789146423,0.09538283199071884,0.07165176421403885,0.020574182271957397,-0.907834529876709,0.11490806937217712,-0.27807357907295227,0.0654359832406044,0.10699040442705154,-0.4785597324371338
I,0.18165342509746552,-0.17407645285129547,-0.4417673647403717,-1.0728538036346436,0.7508029341697693,0.0549846775829792,-0.4718968868255615,-0.3859509527683258,-0.28839918971061707,1.9710392951965332,1.016700267791748,-0.07955465465784073,0.8471903800964355,0.06634610146284103,-1.0467265844345093,-0.10898873209953308,0.17065703868865967,-0.38688740134239197,-0.2754034101963043,1.1507028341293335
R,-0.0682842954993248,1.3330754041671753,-0.2530158460140228,-1.037241816520691,0.25552210211753845,0.07267170399427414,-0.6553831696510315,-0.3864491879940033,0.024830183014273643,-0.14268456399440765,-0.0301972683519125,0.686403214931488,0.24578392505645752,0.04841957613825798,-0.8952054977416992,-0.014228870160877705,-0.22104860842227936,-0.08729306608438492,0.13317596912384033,-0.09013865143060684
S,0.7176780700683594,1.0729259252548218,0.5188705325126648,-0.4446929693222046,0.40616941452026367,0.36612167954444885,-0.5979740023612976,0.487923264503479,0.34731683135032654,-0.1613098680973053,-0.09695533663034439,0.812204122543335,0.19135768711566925,-0.02683921717107296,-0.33124473690986633,1.9234408140182495,0.95941561460495,-0.034220289438962936,-0.025201240554451942,0.2098999172449112
E,0.9486668705940247,0.7107505202293396,0.7190579771995544,0.798203706741333,0.8164792060852051,0.9289271235466003,1.6243492364883423,0.5593067407608032,0.7318971157073975,0.5023147463798523,0.5569446682929993,0.8011584877967834,0.7346271872520447,0.4392566382884979,0.32792481780052185,0.7974934577941895,0.5027053952217102,0.4007647931575775,0.4854051172733307,0.5216932892799377
Q,1.0936675071716309,1.3192416429519653,1.2282277345657349,0.7617284655570984,0.882191002368927,1.5226408243179321,0.6672463417053223,0.9915106296539307,1.060461163520813,0.18350420892238617,0.47902360558509827,1.2024608850479126,0.7805185317993164,0.6118869185447693,-0.21633879840373993,1.4156080484390259,0.9814741611480713,0.5509346127510071,0.7070038914680481,0.3728661835193634
L,0.9428434371948242,0.42274999618530273,0.3270242214202881,-0.41234099864959717,1.4561711549758911,0.7252413630485535,0.08537878841161728,0.3843001425266266,0.48911571502685547,1.8356634378433228,2.4428534507751465,0.39090248942375183,1.7111786603927612,1.111122727394104,-0.43820926547050476,0.5977188944816589,0.7855947017669678,0.7480170130729675,0.8278725743293762,1.5534800291061401
N,0.8950619697570801,0.8804118037223816,1.3908542394638062,0.38281548023223877,0.3982153832912445,0.8381709456443787,0.47712525725364685,0.822973906993866,0.6370760798454285,-0.009867846965789795,0.25930866599082947,0.8490428328514099,0.5230638384819031,0.12088653445243835,-0.31755760312080383,1.0735210180282593,0.618283748626709,-0.019479334354400635,0.17555999755859375,0.23207469284534454
R,0.8564193844795227,1.9050759077072144,0.7737593650817871,0.07488924264907837,0.7142460942268372,0.740861177444458,0.08440233021974564,0.6649736762046814,0.7631927132606506,0.2462361603975296,0.47025856375694275,1.1631155014038086,0.6443267464637756,0.5355131030082703,-0.23827408254146576,1.0121009349822998,0.638853907585144,0.5206354856491089,0.5826297402381897,0.32625094056129456
L,0.889976441860199,0.3878606855869293,0.5313859581947327,-0.15451137721538544,1.4911001920700073,0.8388046622276306,0.33330821990966797,0.4584478437900543,0.7591042518615723,1.71938955783844,2.49509334564209,0.39751482009887695,1.853648066520691,1.5849202871322632,-0.5488515496253967,0.6410266757011414,0.8156701922416687,1.2319124937057495,1.3898868560791016,1.4879931211471558
S,0.8238674998283386,0.7909629940986633,0.8102321028709412,-0.02937055565416813,0.2526174485683441,0.5725399851799011,-0.1513545960187912,0.9102314114570618,0.4052697420120239,0.06974240392446518,0.08315717428922653,0.6893361210823059,0.23637573421001434,-0.22691583633422852,-0.2938136160373688,2.037092447280884,1.1428179740905762,-0.4664241373538971,-0.2723163068294525,0.4598647356033325
T,0.3609340190887451,-0.11239717155694962,0.19682927429676056,-0.372150182723999,-0.10336709022521973,0.12282385677099228,-0.33392295241355896,0.12669764459133148,-0.03751998022198677,0.6291530728340149,0.2583900988101959,-0.09774833172559738,0.19569312036037445,-0.19294364750385284,-0.49507832527160645,0.8441622853279114,1.5144448280334473,-0.49421975016593933,-0.3549298942089081,0.7856236100196838
R,0.47091391682624817,1.6475119590759277,0.37780001759529114,-0.4027794301509857,0.3045639991760254,0.6461897492408752,-0.021770089864730835,0.22584445774555206,0.5045555233955383,0.3326314687728882,0.4080766439437866,1.0341905355453491,0.6771097183227539,0.3525245189666748,-0.5525474548339844,0.6064727306365967,0.4676172435283661,0.1821918487548828,0.43889227509498596,0.4362354278564453
N,0.8754610419273376,1.2031997442245483,1.4397403001785278,0.30298522114753723,0.46162572503089905,1.087180495262146,0.5212691426277161,0.6389460563659668,1.0292246341705322,0.9042978882789612,0.7556349635124207,1.1497217416763306,0.9564632773399353,0.6893813610076904,-0.024129709228873253,1.2616785764694214,1.2451236248016357,0.3520372807979584,0.7505641579627991,1.0612072944641113
P,0.34982168674468994,-0.20388150215148926,0.3218814432621002,0.44580820202827454,0.3880564272403717,0.24687092006206512,0.3943416178226471,0.15981341898441315,0.11378928273916245,0.4409911632537842,0.04026287794113159,-0.04941650107502937,0.05871225520968437,-0.22604753077030182,0.953895092010498,0.6091722846031189,0.5833721160888672,-0.40771737694740295,-0.25866034626960754,0.48663386702537537
C,0.5322903990745544,0.053067680448293686,0.1664191335439682,-0.439773827791214,1.0948991775512695,0.11856909841299057,-0.4161207675933838,0.22909076511859894,-0.03270505741238594,0.37513360381126404,0.23986603319644928,-0.008564233779907227,0.35851582884788513,-0.0032815486192703247,-0.5578269362449646,0.8551912307739258,0.7080747485160828,-0.1623787134885788,-0.13279013335704803,0.585564911365509
N,1.2238752841949463,1.7899508476257324,1.720502257347107,0.7730080485343933,1.3125675916671753,1.9763764142990112,1.7554569244384766,0.30596473813056946,1.4771291017532349,2.4585235118865967,1.894997477531433,1.7118735313415527,2.0031235218048096,1.1824629306793213,-0.5132215023040771,1.4968972206115723,2.026735544204712,0.7618279457092285,1.309108018875122,2.4290318489074707
I,-0.15210264921188354,-0.9624255299568176,-0.7601560950279236,-1.2083748579025269,0.004946728702634573,-0.3522891700267792,-0.6796436309814453,-0.9060713648796082,-0.5717942714691162,2.464481830596924,1.124140739440918,-0.8181743621826172,0.7324100136756897,0.17663876712322235,-0.9923801422119141,-0.4714837074279785,0.1926606446504593,-0.5588012337684631,-0.2963317632675171,1.465803623199463
T,-0.4715854823589325,-1.0258427858352661,-0.6782370209693909,-0.6219367384910583,-0.7091277241706848,-0.4725230634212494,-0.4018641412258148,-0.901709258556366,-0.7182469964027405,-0.37787291407585144,-0.6373147368431091,-0.8595306873321533,-0.407069593667984,-0.7734933495521545,-1.1921712160110474,-0.32115402817726135,0.31179940700531006,-0.973534882068634,-0.790783166885376,-0.24125461280345917
S,1.333603024482727,1.3505825996398926,1.1293731927871704,0.34149250388145447,0.8569157719612122,1.142085313796997,0.3629211485385895,1.1569620370864868,0.8785481452941895,0.5891507267951965,0.6038715243339539,1.1983801126480103,0.9429554343223572,0.17063863575458527,0.13335785269737244,2.3630213737487793,1.5107779502868652,-0.11365476995706558,0.0808878019452095,0.9524717330932617
R,-0.5841047763824463,0.5815610289573669,-0.6001039147377014,-1.230311393737793,-0.3766959011554718,-0.43699726462364197,-0.937633752822876,-0.8898009657859802,-0.4361526072025299,-0.6803122162818909,-0.6965474486351013,0.02160925604403019,-0.3178614675998688,-0.35315361618995667,-1.317186951637268,-0.4405960142612457,-0.5818564891815186,-0.4876182973384857,-0.2791217267513275,-0.5192415118217468
V,-0.2947391867637634,-0.7180295586585999,-0.9684720039367676,-1.3988302946090698,0.7138034701347351,-0.5034911036491394,-0.8307146430015564,-0.9836239218711853,-0.6611270308494568,1.8067139387130737,0.7102968692779541,-0.6434463858604431,0.28998902440071106,-0.12189040333032608,-0.7394084930419922,-0.45152339339256287,0.15273067355155945,-0.5798924565315247,-0.5326007008552551,2.059525728225708
Y,-1.2935385704040527,-1.0379012823104858,-1.1075429916381836,-1.5051387548446655,-0.6187238693237305,-1.327614188194275,-1.483768343925476,-1.765275001525879,-0.44300031661987305,-1.0576940774917603,-0.9160275459289551,-1.0926090478897095,-0.6510605216026306,0.8852766156196594,-1.9496351480484009,-1.1875834465026855,-1.3176968097686768,1.1110395193099976,1.593515396118164,-1.1531413793563843
G,-0.585158109664917,-0.3251313269138336,-0.45125237107276917,-0.7895612716674805,-0.3140445053577423,-0.39114585518836975,-0.6848656535148621,-0.09401389956474304,-0.42034733295440674,-1.1261168718338013,-0.743638813495636,-0.17835195362567902,-0.32025185227394104,-0.46769317984580994,-1.5401943922042847,-0.5461333990097046,-0.9387962818145752,-0.618915319442749,-0.4153214395046234,-1.0455974340438843
G,0.2843497097492218,-0.008138825185596943,0.11081656068563461,0.10201656818389893,0.08168882131576538,0.41519179940223694,0.44783663749694824,0.5848323702812195,0.09143105894327164,-0.28169187903404236,-0.08271276205778122,0.1344226598739624,0.3364917039871216,-0.15810388326644897,-0.8891911506652832,0.202888622879982,-0.07799246907234192,-0.29356327652931213,-0.06286875158548355,-0.12578663229942322
H,-0.08703132718801498,-0.24348409473896027,-0.021299561485648155,-0.05204818770289421,-0.072925865650177,0.21146364510059357,0.32255086302757263,-0.4486708641052246,0.8538476824760437,-0.034085750579833984,0.08856651932001114,-0.06773006916046143,0.46305108070373535,0.7772993445396423,-0.6845996975898743,-0.17603333294391632,-0.2547547519207001,0.6316375732421875,0.9300310611724854,-0.03444856032729149
T,-0.24581380188465118,-1.3455065488815308,-0.6049367785453796,-0.47507527470588684,-0.4569343626499176,-0.7153472900390625,-0.6219578385353088,-0.5414372086524963,-0.9720885753631592,-0.06858450919389725,-0.7806820273399353,-1.2377246618270874,-0.8832696080207825,-1.260514259338379,-0.5764501094818115,0.2793269157409668,0.8305623531341553,-1.5126124620437622,-1.5087648630142212,0.15364617109298706
S,1.2216273546218872,0.7667905688285828,0.8433936238288879,0.08298486471176147,0.38575100898742676,0.7238404154777527,-0.02318352460861206,0.7302879691123962,0.4634896218776703,1.1464463472366333,0.6080505847930908,0.6555188894271851,0.5737393498420715,-0.23804068565368652,0.6367414593696594,2.4800918102264404,1.9581083059310913,-0.7044434547424316,-0.5013779997825623,1.4623433351516724
P,-0.24911712110042572,-0.7013366222381592,-0.530656635761261,-0.5769597887992859,-0.1328316181898117,-0.47436943650245667,-0.5572547316551208,-0.6669125556945801,-0.5597941875457764,-0.5109317898750305,-0.5701695680618286,-0.6099363565444946,-0.35146257281303406,-0.4501253068447113,-0.22076930105686188,-0.05391231179237366,-0.22259360551834106,-0.4862997829914093,-0.37106505036354065,-0.3773956298828125
T,1.2797247171401978,0.9548305869102478,1.0457706451416016,0.5958568453788757,0.7852907776832581,1.166892170906067,0.7641171813011169,0.7484973073005676,1.0276387929916382,1.002523422241211,0.8879169821739197,0.8243226408958435,1.1218409538269043,0.8584466576576233,-0.24166519939899445,1.7684768438339233,2.28367280960083,0.6646838784217834,0.9167184233665466,1.2682665586471558
F,-1.1652990579605103,-1.55609130859375,-1.1609231233596802,-1.2480794191360474,-0.5567082762718201,-1.336761474609375,-1.2375394105911255,-1.7328323125839233,-0.48723718523979187,-0.5503666996955872,-0.2995244562625885,-1.4958019256591797,-0.23524384200572968,1.8553253412246704,-1.3394742012023926,-1.5679024457931519,-1.5694156885147095,1.3474897146224976,1.3036376237869263,-0.9907514452934265
D,1.2070858478546143,0.42526745796203613,0.8899455666542053,1.5473850965499878,0.8880734443664551,1.1306511163711548,1.2326127290725708,0.9251845479011536,0.8903257846832275,0.6573262810707092,0.7611846923828125,0.5706441402435303,1.0654902458190918,0.7489915490150452,0.23902225494384766,1.1038960218429565,0.8505002856254578,0.5816492438316345,0.7434592843055725,0.8390766978263855
N,1.436959147453308,1.312294602394104,1.2547202110290527,0.28813984990119934,0.40762650966644287,1.222869873046875,0.8871555328369141,0.4760187566280365,0.9397385120391846,1.6473240852355957,1.449302077293396,1.3545960187911987,1.5012353658676147,1.0371936559677124,0.6763516068458557,0.9321046471595764,1.017486333847046,0.8263624310493469,1.073759913444519,1.4534729719161987
N,0.47591355443000793,-0.8921800255775452,1.2987825870513916,0.43664947152137756,-0.5533838868141174,-0.4590695798397064,-0.7638037800788879,0.6347822546958923,-0.17483918368816376,-0.06178014352917671,-0.6085243821144104,-0.9184481501579285,-0.8676146864891052,-0.5536214113235474,1.1099056005477905,1.8791266679763794,1.6890286207199097,-0.8179226517677307,-0.9837374687194824,0.3371337354183197
G,-0.6168486475944519,-0.7068175673484802,-0.9543530941009521,-1.189395785331726,-0.7074204087257385,-0.7231948375701904,-0.9937141537666321,-0.4705444872379303,-0.7941197752952576,-0.9459953308105469,-0.9367950558662415,-0.6139463186264038,-0.5488266348838806,-0.6131070256233215,-1.1765542030334473,-0.6069717407226562,-0.795863926410675,-0.5908126831054688,-0.5244419574737549,-0.8219850063323975
S,0.7239418029785156,0.4902496039867401,0.9710829257965088,0.1004120409488678,-0.28426501154899597,0.33494237065315247,-0.443821519613266,0.8408120274543762,0.3027198016643524,-0.477363258600235,-0.20164990425109863,0.29093071818351746,0.06396318227052689,-0.2265612632036209,-0.49326929450035095,2.1653735637664795,1.1794406175613403,-0.43060413002967834,-0.2605171203613281,-0.07283853739500046
M,-0.3719257414340973,-2.025529146194458,-1.4185229539871216,-1.890228271484375,0.20340220630168915,-1.222730278968811,-1.557928442955017,-1.0598390102386475,-1.1961148977279663,1.5046100616455078,1.008643627166748,-1.9471570253372192,1.0520325899124146,0.27876394987106323,-1.4682588577270508,-0.7658136487007141,-0.22305487096309662,-0.2683784067630768,-0.3871352970600128,1.2241154909133911
M,0.4600640833377838,0.3510063588619232,-0.2389429807662964,-1.0998512506484985,0.6211473345756531,0.07943108677864075,-0.6332908272743225,-0.33023133873939514,0.18270234763622284,1.2002214193344116,0.8075582385063171,0.16189360618591309,1.3623510599136353,1.0732673406600952,-0.6886298060417175,0.4327021539211273,0.7059903144836426,1.0907559394836426,1.0510271787643433,1.1732501983642578
F,-0.023164918646216393,-1.4309297800064087,-0.5545320510864258,-0.5714201927185059,0.12771670520305634,-0.6031172871589661,-0.2812151610851288,-0.5982304811477661,0.34131696820259094,0.21640396118164062,0.2094755619764328,-1.441386342048645,0.523009717464447,2.7573983669281006,-1.2730971574783325,-0.34101971983909607,-0.2948594093322754,2.392693281173706,2.3046016693115234,0.2784827649593353
L,-2.495243549346924,-3.842664957046509,-3.6925134658813477,-4.062285900115967,-2.2932848930358887,-3.1723721027374268,-3.3982813358306885,-3.7287490367889404,-3.3453385829925537,0.7643730044364929,0.5943388342857361,-3.6077053546905518,-0.7434766888618469,-1.305543303489685,-3.3783042430877686,-3.6498186588287354,-2.652082681655884,-2.4376332759857178,-2.3311572074890137,-0.15599049627780914
D,-1.5755791664123535,-2.158353567123413,-1.4720903635025024,0.002098496537655592,-1.0473581552505493,-1.3264501094818115,-0.6708099842071533,-2.301732063293457,-1.3934627771377563,-1.220267415046692,-1.5138072967529297,-1.9930124282836914,-1.1601581573486328,-1.3244996070861816,-3.185307502746582,-1.7287259101867676,-1.8954881429672241,-1.3269661664962769,-0.9937267899513245,-1.2326833009719849
M,-1.5326355695724487,-3.1062467098236084,-2.5096428394317627,-2.3215129375457764,-1.3636469841003418,-2.31074857711792,-2.1824393272399902,-2.254995822906494,-2.440647840499878,-0.8416408896446228,-0.81142258644104,-2.905667543411255,-0.5518953204154968,-1.4381767511367798,-2.237919807434082,-2.075760841369629,-1.967424988746643,-2.18082594871521,-2.1861255168914795,-0.9092485904693604
S,-0.13985632359981537,-0.9092388153076172,-0.5976205468177795,-1.5270544290542603,-1.1544053554534912,-1.1005182266235352,-2.0265510082244873,-0.21145744621753693,-1.0259438753128052,-2.3789401054382324,-2.2045834064483643,-1.2838670015335083,-1.6100554466247559,-1.8041930198669434,-1.9007681608200073,1.8017233610153198,-0.03153536841273308,-1.8415180444717407,-1.8404971361160278,-1.6791619062423706
Y,-1.3875030279159546,-0.7905789017677307,-0.5837531685829163,-1.3717488050460815,-0.4813099205493927,-1.3803014755249023,-1.6648861169815063,-1.5257917642593384,0.1732216626405716,-1.3660259246826172,-1.2975270748138428,-1.1761728525161743,-0.8910194039344788,1.440828800201416,-2.6357452869415283,-0.7833988070487976,-1.2636922597885132,1.7919079065322876,2.367264986038208,-1.3806018829345703
N,-1.222441554069519,-1.891029715538025,0.734104335308075,0.6564083695411682,-0.70956951379776,-0.3362816572189331,0.8387168049812317,-1.6646976470947266,-0.9102652668952942,-2.0858166217803955,-1.6937260627746582,-1.3039783239364624,-0.7778716087341309,-1.982996940612793,-3.93224835395813,-1.2159851789474487,-1.6193121671676636,-2.255319356918335,-1.6693973541259766,-2.0608975887298584
M,-0.7478273510932922,-0.18991321325302124,-0.8260171413421631,-1.884467601776123,-0.5053695440292358,-0.4658719599246979,-1.395398497581482,-1.30953049659729,-0.47854581475257874,0.10771989077329636,0.0707465186715126,-0.11851563304662704,0.7592149376869202,-0.18526142835617065,-2.065790891647339,-0.9333038330078125,-0.9586247801780701,-0.6191744208335876,-0.29068705439567566,-0.23551082611083984
L,-2.186723470687866,-3.5211143493652344,-3.2899417877197266,-3.8536159992218018,-1.7030848264694214,-2.8248469829559326,-3.336043119430542,-3.2758524417877197,-2.8166980743408203,0.9759220480918884,1.0826867818832397,-3.409717559814453,-0.4362473487854004,-0.5564811825752258,-3.27799391746521,-3.0428545475006104,-2.2760531902313232,-1.9215229749679565,-1.838201880455017,-0.0971967801451683
S,-0.683925449848175,-1.224949598312378,-0.8510001301765442,-1.6004310846328735,-1.29027259349823,-1.1506469249725342,-1.7428059577941895,-0.8929540514945984,-1.1243042945861816,-1.1703678369522095,-1.7608906030654907,-1.3239191770553589,-1.4199670553207397,-1.5582870244979858,-2.142773389816284,0.9818253517150879,0.2787425220012665,-1.6844534873962402,-1.6026109457015991,-0.6513801217079163
G,-1.1532758474349976,-1.7839993238449097,-1.6152335405349731,-1.8022438287734985,-0.7308306694030762,-1.5571074485778809,-1.7242045402526855,-0.08282657712697983,-1.670906662940979,-1.2505322694778442,-1.5159841775894165,-1.9706684350967407,-1.2140554189682007,-1.5054041147232056,-3.390376091003418,-0.8459401726722717,-1.1266728639602661,-1.4066920280456543,-1.731466293334961,-0.942356288433075
Y,-0.5640481114387512,-0.04264136776328087,-0.369827002286911,-0.9093915820121765,-0.4627768099308014,-0.5843197703361511,-0.7589059472084045,-1.0090965032577515,0.1755170077085495,-0.8167151808738708,-0.9723950028419495,-0.23217590153217316,-0.6053682565689087,0.663216769695282,-0.6089043021202087,-0.0796009749174118,-0.2649252116680145,0.813641369342804,1.4920135736465454,-0.6129170060157776
I,-2.465834856033325,-4.310227870941162,-3.608790636062622,-4.388547420501709,-2.514173984527588,-3.486926794052124,-3.971545934677124,-3.5774476528167725,-3.633446455001831,1.4720033407211304,-0.2558622658252716,-4.117231845855713,-0.9461345672607422,-1.6175999641418457,-3.444068193435669,-3.2116358280181885,-2.2483668327331543,-2.868194341659546,-3.0255630016326904,-0.13928602635860443
P,-2.038318395614624,-2.821425676345825,-2.630401372909546,-2.4393310546875,-2.1676361560821533,-2.268587827682495,-2.344482421875,-2.4399731159210205,-2.3748958110809326,-2.7278120517730713,-2.507070302963257,-2.805328130722046,-2.5006887912750244,-2.567166805267334,-1.0041728019714355,-1.799965262413025,-2.1392157077789307,-2.5335443019866943,-2.7375450134277344,-2.447431802749634
K,0.8824126124382019,1.7146257162094116,-0.012828330509364605,-0.6779711246490479,-0.1295163780450821,0.5261794924736023,-0.254169225692749,-0.14348557591438293,0.4257853031158447,0.2945875823497772,0.04804949089884758,2.216644287109375,0.2278701663017273,-0.20479409396648407,0.8321046829223633,0.6138624548912048,0.35372844338417053,-0.1876273900270462,-0.08994493633508682,0.40792569518089294
E,1.4581464529037476,0.3340720236301422,1.2554019689559937,1.7546747922897339,1.0235339403152466,1.525984764099121,2.8076486587524414,0.9175207018852234,1.2664926052093506,-0.3627990186214447,0.31406334042549133,0.36465346813201904,1.0704296827316284,1.1750036478042603,-1.4346431493759155,1.3189879655838013,0.640128493309021,1.3541494607925415,1.290453553199768,0.03566594794392586
I,-3.1766722202301025,-4.753042697906494,-4.298243045806885,-4.8183112144470215,-2.560218095779419,-4.127353668212891,-4.445288181304932,-4.650851249694824,-3.827871322631836,0.7010144591331482,-0.3115692138671875,-4.768143177032471,-1.0242825746536255,-0.752927303314209,-4.717601299285889,-3.934473991394043,-2.956827402114868,-1.4124431610107422,-1.8538585901260376,-0.978884220123291
G,-0.1812811940908432,-1.0779904127120972,-1.091450810432434,-1.601388931274414,-0.34881341457366943,-0.9417834281921387,-1.3181208372116089,0.17822647094726562,-1.068790078163147,-0.41832461953163147,-0.3078141510486603,-1.1787711381912231,-0.12072817236185074,-0.13297098875045776,-2.274949073791504,-0.26917779445648193,-0.24547599256038666,-0.25843164324760437,-0.5209354758262634,-0.298777312040329
S,2.7251837253570557,3.1900339126586914,2.526843547821045,1.6830415725708008,1.5528631210327148,2.9186999797821045,2.1977856159210205,1.7073336839675903,2.295099973678589,1.4286785125732422,2.5271055698394775,2.9131553173065186,2.9249227046966553,1.6331714391708374,-1.6049176454544067,3.054603338241577,1.980861783027649,1.2807995080947876,1.7261838912963867,1.3995925188064575
M,-1.0327659845352173,-1.8024873733520508,-1.7858214378356934,-2.51943302154541,-0.29327094554901123,-1.2080491781234741,-1.9051564931869507,-2.1743218898773193,-1.2322297096252441,0.2737863063812256,0.8810228705406189,-1.7874571084976196,1.3379372358322144,0.26664555072784424,-2.8606536388397217,-1.584336757659912,-1.3808778524398804,-0.10976723581552505,-0.20577175915241241,-0.2831587791442871
P,0.7296419143676758,-0.16026805341243744,0.10528828948736191,0.42046570777893066,-0.8607892394065857,0.197779580950737,0.41441622376441956,0.41029462218284607,-0.18002527952194214,-0.925790548324585,-1.3449020385742188,0.22869044542312622,-0.9106281399726868,-1.4295564889907837,1.7651218175888062,0.8304887413978577,0.332609087228775,-1.2823991775512695,-1.2495895624160767,-0.36417949199676514
Y,2.06868839263916,2.0594873428344727,1.3713226318359375,0.8391308784484863,1.1772781610488892,1.9033516645431519,1.5409942865371704,1.0323084592819214,1.8287949562072754,1.415474534034729,1.6615272760391235,1.8843022584915161,2.0451958179473877,2.1493101119995117,-0.18477141857147217,1.8558125495910645,1.6174532175064087,2.3303351402282715,3.0334866046905518,1.612810730934143
L,-1.3748949766159058,-3.3682985305786133,-2.765962839126587,-2.8958442211151123,-1.172407627105713,-2.506308078765869,-2.650528907775879,-2.2471868991851807,-2.910923957824707,-0.08307516574859619,0.24723750352859497,-3.1821348667144775,-1.0393996238708496,-2.15210223197937,-2.0659544467926025,-2.083353042602539,-1.734362244606018,-3.0283565521240234,-3.1045114994049072,-0.35277625918388367
F,4.236202716827393,4.50231409072876,4.07245397567749,3.442387819290161,3.3448970317840576,4.9011311531066895,4.563470363616943,3.3030335903167725,4.519781589508057,3.4462530612945557,4.274295330047607,4.136050701141357,4.735678672790527,4.903078079223633,0.5028050541877747,4.1708664894104,4.061254978179932,4.1908416748046875,4.758743762969971,3.63567852973938
I,1.3586463928222656,1.021628499031067,0.17256903648376465,-0.7038888931274414,0.8931049704551697,0.9591005444526672,0.25815534591674805,0.21057748794555664,0.8073195815086365,2.74534010887146,1.6960047483444214,0.821788489818573,1.7996481657028198,1.3609730005264282,-1.3810334205627441,0.9992302060127258,1.3485244512557983,1.1441971063613892,1.3368802070617676,2.1960391998291016
L,-3.6875860691070557,-4.839615345001221,-4.955873966217041,-5.1216607093811035,-3.259444236755371,-4.277716159820557,-4.3598175048828125,-4.992983341217041,-4.642591953277588,-0.421039342880249,-0.23013758659362793,-4.623378753662109,-1.8442654609680176,-2.5903589725494385,-4.211664199829102,-4.871963977813721,-3.9244260787963867,-3.763204574584961,-3.754072904586792,-1.4288743734359741
N,0.25705596804618835,1.6415997743606567,1.7272433042526245,-0.8548769950866699,-0.15229523181915283,0.679776668548584,-1.0476545095443726,-0.092474065721035,0.6762010455131531,-0.0146547956392169,0.3134189248085022,1.0817465782165527,0.6382560133934021,-0.03742517903447151,-3.6414546966552734,1.3835450410842896,0.8810167908668518,-0.5038374066352844,0.1777123212814331,0.27121302485466003
L,-2.2467401027679443,-4.126249313354492,-4.037698745727539,-4.663869380950928,-2.3353183269500732,-3.4753024578094482,-4.015221118927002,-3.6176908016204834,-3.7809970378875732,0.6310792565345764,0.8244754672050476,-4.03840970993042,-0.8149864077568054,-1.6440691947937012,-3.8056437969207764,-3.5093252658843994,-2.6116905212402344,-3.091942071914673,-3.1074230670928955,-0.08346035331487656
G,0.8990829586982727,0.46310439705848694,0.24435150623321533,-0.5114421248435974,0.06189453601837158,0.30467402935028076,-0.4457043409347534,1.0856376886367798,0.10260945558547974,-0.9104898571968079,-0.5684926509857178,0.19958235323429108,-0.10619097948074341,-0.48399174213409424,-0.8943541049957275,1.5738455057144165,0.33509013056755066,-0.6633766293525696,-0.496774822473526,-0.4957974851131439
H,-0.46379590034484863,-0.37124815583229065,-0.3778604567050934,-0.8616202473640442,-0.7975980639457703,-0.3533347547054291,-0.6749060750007629,-0.844837486743927,0.6258321404457092,-1.3864339590072632,-0.9478244781494141,-0.5910840630531311,-0.2754368484020233,-0.2570163607597351,-2.838284492492676,-0.34510335326194763,-1.0278477668762207,-0.24619202315807343,0.02751127816736698,-1.1885238885879517
N,-4.111394882202148,-4.250227451324463,-1.394826054573059,-2.864426612854004,-2.5814554691314697,-3.8625669479370117,-3.7295541763305664,-3.7154645919799805,-3.2370264530181885,-4.420072078704834,-3.8003673553466797,-3.98564076423645,-3.3204801082611084,-3.0016489028930664,-5.891885280609131,-3.680168867111206,-4.278994083404541,-3.3953075408935547,-3.039442300796509,-4.743585109710693
D,3.412726640701294,4.2218475341796875,2.9599149227142334,1.7285665273666382,3.3900787830352783,3.9412317276000977,2.432270050048828,2.083153009414673,3.4954850673675537,3.276121139526367,4.4725494384765625,3.6813600063323975,4.777136325836182,4.021376132965088,-1.3932255506515503,3.3383309841156006,3.1722629070281982,3.615100145339966,4.149807453155518,3.222827911376953
I,-2.1062235832214355,-3.6811916828155518,-3.168935537338257,-3.9411544799804688,-1.9574693441390991,-2.893672227859497,-3.663254499435425,-3.0738518238067627,-2.748866319656372,1.2901387214660645,0.6602239012718201,-3.7303149700164795,-0.36887988448143005,-0.28535139560699463,-3.3017971515655518,-2.6535274982452393,-2.107973337173462,-1.86316978931427,-1.8288427591323853,-0.19350145757198334
S,-1.3110225200653076,-2.195152997970581,-0.9083819389343262,-1.795362114906311,-1.4282269477844238,-1.925048828125,-2.4963696002960205,-0.9661415219306946,-1.4308182001113892,-2.233041524887085,-2.4635300636291504,-2.395953893661499,-2.051846981048584,-1.4825209379196167,-3.001650810241699,0.7969574928283691,-0.27671632170677185,-1.6695499420166016,-1.6800519227981567,-1.647985577583313
G,-1.8804978132247925,-2.244178056716919,-2.032195568084717,-2.000701904296875,-1.040175199508667,-2.0617852210998535,-2.0560519695281982,-0.7936194539070129,-2.0027670860290527,-2.153742551803589,-2.166595220565796,-2.4086525440216064,-1.7219972610473633,-1.7790066003799438,-3.955660104751587,-1.506049633026123,-1.9459056854248047,-1.5463145971298218,-1.8658347129821777,-1.9502204656600952
S,1.8104885816574097,2.6619489192962646,0.9554049968719482,0.033616144210100174,0.8567757606506348,1.8361846208572388,0.9893633723258972,0.5743986964225769,1.6173628568649292,1.6853089332580566,1.4613360166549683,2.4614078998565674,1.7774263620376587,1.126125693321228,1.2394639253616333,2.1605730056762695,1.6591469049453735,0.9736285209655762,1.3769035339355469,1.7635356187820435
I,-2.6602652072906494,-4.278969764709473,-3.5647850036621094,-4.329585075378418,-2.441465377807617,-3.6797683238983154,-4.0738701820373535,-3.740725517272949,-3.639141321182251,1.5379151105880737,-0.3731362819671631,-4.095117568969727,-1.1397758722305298,-1.524348258972168,-3.216054677963257,-3.3095531463623047,-2.3004226684570312,-2.700411081314087,-2.869314432144165,-0.22268809378147125
P,-1.4197601079940796,-1.9289779663085938,-2.0081875324249268,-1.936026930809021,-1.4355233907699585,-1.5138810873031616,-1.690813660621643,-2.032012939453125,-1.5532618761062622,-1.7000013589859009,-1.5508689880371094,-2.013252019882202,-1.5979400873184204,-1.7789567708969116,-0.38448354601860046,-1.4274982213974,-1.6531577110290527,-1.9008126258850098,-1.9298633337020874,-1.60448157787323
D,2.4990029335021973,1.6786226034164429,1.2993043661117554,2.059579849243164,1.352739930152893,2.0614054203033447,2.1341841220855713,1.045453667640686,1.5816720724105835,1.8522295951843262,1.8842545747756958,1.709190011024475,2.059110641479492,1.4599677324295044,1.8492059707641602,1.9027091264724731,1.7558537721633911,1.5687986612319946,1.6151729822158813,1.9346894025802612
E,2.579012155532837,2.3084657192230225,2.414424180984497,2.41571307182312,1.1577075719833374,2.8945252895355225,3.732307195663452,1.393322467803955,2.7360141277313232,1.1819978952407837,1.6287938356399536,2.0796234607696533,2.379018545150757,2.867479085922241,-0.8464716076850891,2.8840372562408447,2.606595754623413,3.108966827392578,3.1853930950164795,1.6005935668945312
V,-1.4457265138626099,-3.9221227169036865,-2.205179452896118,-2.060750961303711,-0.9251005053520203,-2.559117317199707,-2.0419209003448486,-2.6825110912323,-1.6409224271774292,0.481487512588501,-0.057413261383771896,-3.842740774154663,-0.32860398292541504,1.1900134086608887,-2.165198802947998,-1.6915698051452637,-1.1107150316238403,0.8859122395515442,0.4043881893157959,0.610879123210907
G,-0.48236283659935,-1.1996053457260132,-1.2903131246566772,-1.8332719802856445,-0.6793156266212463,-1.273316740989685,-1.7454291582107544,0.055598627775907516,-1.4209104776382446,-1.1328190565109253,-1.3329637050628662,-1.260203242301941,-1.0373613834381104,-1.2488131523132324,-2.145691156387329,-0.29422107338905334,-0.5793998837471008,-1.2256087064743042,-1.4166408777236938,-0.8374302983283997
D,2.940692901611328,3.0625956058502197,2.78682804107666,2.810105562210083,2.485971212387085,3.3063809871673584,2.922206163406372,1.8023258447647095,2.6750948429107666,1.7052968740463257,2.927440643310547,2.752579927444458,3.3645660877227783,2.3245785236358643,-2.0474517345428467,2.746279716491699,2.2083098888397217,2.0908217430114746,2.524348735809326,1.7288894653320312
L,-1.8498525619506836,-3.7658770084381104,-3.205615758895874,-3.618891477584839,-1.5851668119430542,-2.7213423252105713,-3.13366961479187,-3.1211960315704346,-3.065810441970825,-0.1516689658164978,0.4455552399158478,-3.463724374771118,-0.3634780943393707,-1.7015546560287476,-3.304043769836426,-2.7918145656585693,-2.3182051181793213,-2.2582106590270996,-2.5940933227539062,-0.8255203366279602
R,-0.944980800151825,0.2961742579936981,-1.0850590467453003,-1.6328881978988647,-1.8338416814804077,-0.8873148560523987,-1.4522252082824707,-1.282331109046936,-0.8599993586540222,-1.41486656665802,-1.7344807386398315,-0.07540342211723328,-1.440191626548767,-1.5959373712539673,-1.1283797025680542,-0.7688168883323669,-0.9473384022712708,-1.7382079362869263,-1.4455946683883667,-1.1503818035125732
G,3.1119346618652344,3.2389307022094727,2.849950075149536,2.2785377502441406,2.3688716888427734,3.2863590717315674,2.7939751148223877,2.9533493518829346,2.8166377544403076,1.2415485382080078,2.2477760314941406,2.917449951171875,2.968224287033081,2.147996187210083,-0.6854004263877869,3.073622703552246,2.195363759994507,2.007704257965088,2.3363444805145264,1.564387321472168
L,-1.6642203330993652,-3.3606796264648438,-3.2255849838256836,-3.1980113983154297,-1.306975245475769,-2.5451958179473877,-2.5814359188079834,-2.842733383178711,-3.172673225402832,0.04833376407623291,0.1521846055984497,-3.1196320056915283,-1.1240640878677368,-2.4053070545196533,-2.2734534740448,-2.4785757064819336,-1.9488449096679688,-3.176746368408203,-3.3801891803741455,-0.2963963449001312
N,3.0087225437164307,3.710892677307129,3.4247753620147705,1.9021711349487305,3.130617141723633,4.1694769859313965,3.6906578540802,1.4984837770462036,3.5530004501342773,4.2470173835754395,4.6383280754089355,3.201462507247925,4.775491714477539,4.12701416015625,-2.0165979862213135,3.1310787200927734,3.7771618366241455,3.7974765300750732,4.36144495010376,4.106783390045166
I,1.937116026878357,2.3334827423095703,0.8281977772712708,-0.36157235503196716,0.966533362865448,1.6751222610473633,0.5741423964500427,0.6064114570617676,1.4187933206558228,3.026972770690918,1.9099169969558716,2.0503928661346436,2.065147638320923,1.3113892078399658,-0.5687736868858337,1.8018213510513306,2.0588767528533936,1.1127153635025024,1.3613511323928833,2.5125322341918945
L,-3.6861684322357178,-5.016852855682373,-4.813351154327393,-5.099908828735352,-3.0045974254608154,-4.276902675628662,-4.464095115661621,-4.957345008850098,-4.3467841148376465,-0.03214508295059204,0.4326417148113251,-4.841056823730469,-1.3214256763458252,-1.6838574409484863,-4.364365577697754,-4.890532493591309,-3.9213380813598633,-3.0318851470947266,-3.1349966526031494,-1.2219711542129517
D,-1.5260095596313477,-2.035905361175537,-0.9889538288116455,0.01638009212911129,-1.492989420890808,-1.5611282587051392,-1.2798364162445068,-1.8890668153762817,-1.5137758255004883,-1.2259631156921387,-1.8598371744155884,-1.984419822692871,-1.7851589918136597,-1.9638891220092773,-3.0790340900421143,-0.8438525199890137,-1.1319702863693237,-2.1251466274261475,-1.8143807649612427,-1.0281025171279907
L,-3.0509510040283203,-4.5580315589904785,-4.608076095581055,-5.017867565155029,-2.6624226570129395,-3.964916229248047,-4.363033294677734,-4.41096830368042,-4.264675140380859,0.21967346966266632,0.4797278344631195,-4.500575542449951,-1.2496291399002075,-1.8963388204574585,-4.099573612213135,-4.274766445159912,-3.3672397136688232,-3.3406524658203125,-3.4209935665130615,-0.6357904076576233
S,-0.530627965927124,-0.33162233233451843,-0.313577264547348,-1.6874116659164429,-1.1308592557907104,-0.9588691592216492,-2.063931465148926,-0.3754662573337555,-0.5046968460083008,-2.3630642890930176,-1.8999218940734863,-0.9493556022644043,-1.4386800527572632,-1.142116665840149,-2.764385461807251,1.6080812215805054,-0.20590730011463165,-1.3031097650527954,-1.013499140739441,-1.840083122253418
S,-0.05913114547729492,0.9142398834228516,0.2977825105190277,-0.9799046516418457,-0.10786852985620499,0.017759481444954872,-1.043639063835144,-0.34497079253196716,0.7858312726020813,-0.7368614077568054,-0.3538599908351898,0.29699498414993286,0.1377023309469223,1.0587390661239624,-2.335176706314087,1.211166262626648,-0.007302343845367432,1.2581955194473267,1.3186687231063843,-0.5009896755218506
N,-2.602689266204834,-3.238889455795288,-0.25680670142173767,-1.6519490480422974,-1.6852693557739258,-2.4631245136260986,-2.149869203567505,-2.639669179916382,-2.2522904872894287,-3.1179254055023193,-2.5973544120788574,-2.7901699542999268,-2.018742561340332,-2.3427278995513916,-4.601718425750732,-2.2964999675750732,-2.781526565551758,-2.533769369125366,-2.2050602436065674,-3.2033016681671143
K,-0.2530123293399811,1.5454574823379517,-0.20437508821487427,-1.5341206789016724,-0.48712125420570374,0.38148704171180725,-0.923760712146759,-0.8939064145088196,0.4912658929824829,-0.17264877259731293,-0.0852726474404335,1.9631963968276978,0.27929791808128357,-0.19848980009555817,-1.629937767982483,-0.19005195796489716,-0.44814372062683105,-0.5822634100914001,-0.053758203983306885,-0.2571370303630829
L,-2.585594892501831,-3.6812827587127686,-3.586949586868286,-4.137577056884766,-1.773658275604248,-3.1556503772735596,-3.721149206161499,-3.594083786010742,-3.0374155044555664,0.15969328582286835,0.6819958686828613,-3.6829702854156494,-0.8215826153755188,-0.660658597946167,-3.457777976989746,-3.237403631210327,-2.6613810062408447,-1.907159686088562,-2.0426032543182373,-0.7814739346504211
D,0.36077451705932617,-0.39460062980651855,1.0096040964126587,1.045035719871521,0.1710541844367981,0.07796474546194077,-0.19321602582931519,0.23283225297927856,0.47068801522254944,-0.7510488629341125,-0.8043258786201477,-0.7313092350959778,-0.25221583247184753,0.1950208693742752,-1.7853986024856567,2.0161502361297607,1.4760454893112183,-0.04516303539276123,0.10865360498428345,-0.19847440719604492
G,-2.0527541637420654,-2.4949820041656494,-2.4485254287719727,-2.6742613315582275,-1.1822266578674316,-2.454801321029663,-2.656345844268799,-0.8416739106178284,-2.482404947280884,-2.0501043796539307,-2.177558183670044,-2.774360418319702,-1.9439979791641235,-2.198974847793579,-4.168100833892822,-1.7128509283065796,-2.0967512130737305,-2.034208059310913,-2.4301023483276367,-1.7445306777954102
R,-1.5437779426574707,0.23174355924129486,-1.6677379608154297,-2.2999308109283447,-1.603766918182373,-1.316286563873291,-1.7854996919631958,-1.9465351104736328,-1.1470117568969727,-1.3876348733901978,-1.9266105890274048,-0.3771750032901764,-1.608506202697754,-1.5652250051498413,-0.9642770886421204,-1.333074688911438,-1.3554601669311523,-1.7169777154922485,-1.427734375,-1.290995717048645
I,-2.140423536300659,-3.7732696533203125,-3.1295244693756104,-4.024951457977295,-1.6163846254348755,-3.217982292175293,-3.6781957149505615,-3.3732588291168213,-3.1519362926483154,2.2328450679779053,0.09634467214345932,-3.6361191272735596,-0.6534197926521301,-0.9579086899757385,-2.7695465087890625,-2.756431818008423,-1.6217046976089478,-2.159123182296753,-2.312206983566284,0.5560336112976074
P,-1.2719383239746094,-2.1643710136413574,-1.9514135122299194,-2.1267855167388916,-1.3221865892410278,-1.678244948387146,-2.0925939083099365,-1.8067699670791626,-1.6047544479370117,-1.7433212995529175,-1.5462007522583008,-2.3224217891693115,-1.7400420904159546,-1.8328161239624023,-0.43935656547546387,-1.0450787544250488,-1.332484245300293,-1.927411437034607,-2.0723695755004883,-1.5327180624008179
Q,1.8798627853393555,1.9265846014022827,0.9743819832801819,0.7836112976074219,0.6748815178871155,2.056043863296509,1.1565518379211426,0.7686586976051331,1.316973328590393,1.4387401342391968,1.247589111328125,1.9511345624923706,1.2931829690933228,0.9721906185150146,2.1455750465393066,1.3190592527389526,1.1245843172073364,0.9809289574623108,1.0506160259246826,1.3962293863296509
A,2.2093660831451416,1.8044718503952026,1.1288024187088013,0.05706928297877312,0.8663954734802246,1.661272644996643,0.8082506060600281,0.6703479290008545,1.408413290977478,0.7485518455505371,1.001027226448059,1.5248216390609741,1.4988561868667603,1.75160551071167,-0.8563480377197266,2.1847596168518066,1.8616443872451782,1.8817039728164673,1.8359802961349487,0.9907737374305725
M,-1.9952964782714844,-4.214920997619629,-2.933717727661133,-3.0338218212127686,-1.5730491876602173,-2.8747634887695312,-2.824354410171509,-2.9758145809173584,-2.5276072025299072,-0.10667406767606735,0.21131904423236847,-3.907477378845215,0.5046290755271912,0.3872103989124298,-2.6625990867614746,-3.0106496810913086,-2.5496890544891357,-0.41164517402648926,-0.7048511505126953,-0.9495800137519836
S,1.4764963388442993,1.1065951585769653,1.0532523393630981,-0.030329028144478798,-0.3309892416000366,0.807324230670929,-0.10707905143499374,1.1360899209976196,0.5260593295097351,-0.39624181389808655,0.17080219089984894,0.9026851058006287,0.602721631526947,-0.08115065097808838,-1.197710633277893,2.360760450363159,1.1633962392807007,-0.4014112055301666,-0.15135467052459717,0.052703022956848145
A,2.482902765274048,2.084501028060913,2.226254463195801,1.4368656873703003,1.7507901191711426,2.1517083644866943,1.6700142621994019,1.4954075813293457,1.9780040979385376,0.31281352043151855,1.6856626272201538,1.8810330629348755,2.219233274459839,1.7116928100585938,-2.2283473014831543,1.8370246887207031,1.0757633447647095,1.5083431005477905,1.83560049533844,0.4095250070095062
L,-1.6058616638183594,-3.312199831008911,-2.671117067337036,-3.2346115112304688,-1.4694103002548218,-2.2366809844970703,-2.7085812091827393,-2.860452651977539,-2.587791681289673,-0.004558722022920847,0.7731860280036926,-3.042452812194824,0.014814674854278564,-1.3080339431762695,-3.18166446685791,-2.506178617477417,-2.105738401412964,-1.976457953453064,-2.1426892280578613,-0.7342627644538879
T,-0.2656596601009369,-0.06360328942537308,-0.3739529848098755,-0.9451873898506165,-0.8335160613059998,-0.38067254424095154,-0.9028800129890442,-0.6999115347862244,-0.263376921415329,-0.7639898657798767,-0.8260564208030701,-0.02059461735188961,-0.5290187001228333,-0.6025763154029846,-0.9416513442993164,-0.034565627574920654,0.4812944829463959,-0.603873074054718,-0.3989815413951874,-0.5543147921562195
M,1.5477232933044434,2.099229574203491,1.4773592948913574,0.49989771842956543,1.7190107107162476,1.7685751914978027,0.9823927879333496,0.9312214255332947,1.9582792520523071,1.0572558641433716,1.62130606174469,1.8123129606246948,2.6101016998291016,2.601008653640747,-1.1074572801589966,1.8383408784866333,1.4222253561019897,2.4120852947235107,2.6597259044647217,1.2472766637802124
L,-1.4408658742904663,-3.37532901763916,-3.0900051593780518,-3.093839406967163,-1.5151454210281372,-2.4486963748931885,-2.553086519241333,-2.715996026992798,-3.118983507156372,0.08917868137359619,0.16202209889888763,-3.0548036098480225,-0.9855331778526306,-2.2971153259277344,-2.3281409740448,-2.4520938396453857,-1.920361876487732,-3.08123779296875,-3.2769908905029297,-0.27501043677330017
T,-0.07543813437223434,-0.28862616419792175,0.015139132738113403,-1.050759196281433,-0.38899409770965576,-0.33149394392967224,-1.0644780397415161,-0.1671828180551529,-0.3030339181423187,-0.798095703125,-0.6938474178314209,-0.5463945269584656,-0.3526255190372467,-0.24192281067371368,-2.471123456954956,0.8823683857917786,1.1455074548721313,-0.14724500477313995,-0.17628328502178192,-0.34240230917930603
E,2.7806713581085205,3.000330924987793,2.05622935295105,0.8627243638038635,2.997281312942505,2.8962268829345703,2.6537129878997803,1.0959454774856567,3.257774591445923,3.1485097408294678,3.8147881031036377,2.488382339477539,4.174215316772461,4.698452472686768,-1.5942364931106567,2.7229652404785156,3.0061848163604736,4.895756244659424,5.074772357940674,3.2222375869750977
I,-2.29880690574646,-3.741223096847534,-3.882190704345703,-4.450986385345459,-1.5852198600769043,-3.2162210941314697,-3.739744186401367,-3.672656774520874,-3.327676773071289,1.5850505828857422,0.5002049803733826,-3.6425225734710693,-0.5017415285110474,-0.9093047976493835,-3.051976203918457,-3.373133420944214,-2.4132919311523438,-2.1403322219848633,-2.3562405109405518,0.14742915332317352
D,-1.5330244302749634,-2.3109495639801025,-0.45326629281044006,0.7250686287879944,-1.7829257249832153,-1.386672854423523,-0.8673286437988281,-1.581376552581787,-1.565456509590149,-1.9219199419021606,-2.3918395042419434,-2.1207332611083984,-2.182346820831299,-2.5631215572357178,-2.9770305156707764,-0.4933590888977051,-0.9358866214752197,-2.8193118572235107,-2.3198418617248535,-1.4487451314926147
L,-3.047116994857788,-5.118453502655029,-4.781680583953857,-4.901342391967773,-2.897557020187378,-4.334121227264404,-4.38006067276001,-4.480618953704834,-4.632286071777344,0.1338927000761032,-0.03386056423187256,-4.906217575073242,-1.771215558052063,-2.234621286392212,-3.959383726119995,-4.422357559204102,-3.346115827560425,-3.7715930938720703,-3.7558109760284424,-0.498914510011673
S,-0.9186456203460693,-1.3459587097167969,-0.7533142566680908,-1.6949443817138672,-1.5368283987045288,-1.7305134534835815,-2.3705084323883057,-1.148776888847351,-0.8844935297966003,-2.4928507804870605,-2.2144687175750732,-2.054274797439575,-1.9900747537612915,-0.6797380447387695,-2.768216133117676,1.538587212562561,0.014136056415736675,-0.5383657813072205,-0.5897366404533386,-1.9147757291793823
N,-0.6216726899147034,-0.34168848395347595,0.06830816715955734,-1.3573250770568848,-0.11573376506567001,-0.607994794845581,-1.1753991842269897,-1.3607853651046753,-0.03900793194770813,-0.5345256328582764,-0.45259276032447815,-0.6652967929840088,-0.16764746606349945,0.5861188769340515,-2.8909690380096436,-0.32475748658180237,-0.5665397644042969,0.5198473334312439,0.8721813559532166,-0.47729769349098206
N,-3.9412453174591064,-3.7355260848999023,-1.6211748123168945,-3.000875473022461,-2.703251600265503,-3.6312732696533203,-3.3910913467407227,-4.203704357147217,-3.2795960903167725,-3.978168487548828,-3.677978515625,-3.3368589878082275,-3.2181997299194336,-2.995495080947876,-5.7421488761901855,-3.665163040161133,-4.040716171264648,-3.2362782955169678,-2.8142783641815186,-4.198684215545654
N,1.6735986471176147,2.4130661487579346,2.63566255569458,1.2104029655456543,2.102360963821411,2.6504342555999756,1.994320273399353,0.7049899697303772,2.3087427616119385,1.581533432006836,2.4254376888275146,2.119852304458618,2.785531997680664,1.9965687990188599,-2.086301565170288,1.8940166234970093,1.6842098236083984,1.5915265083312988,2.1898694038391113,1.5731940269470215
L,-2.069202184677124,-3.1640424728393555,-3.0084707736968994,-3.314502477645874,-1.535943627357483,-2.5303680896759033,-3.0472707748413086,-2.9622738361358643,-2.5611627101898193,-0.2708489000797272,0.6068907380104065,-3.1841421127319336,-0.7516373991966248,-0.7422142624855042,-2.643310308456421,-2.490954637527466,-2.219130516052246,-1.7738910913467407,-2.0209360122680664,-0.8742895722389221
S,-1.3456778526306152,-1.6806591749191284,-0.797184944152832,-1.5720019340515137,-0.8666281700134277,-1.58577299118042,-2.0187995433807373,-1.3180781602859497,-0.8720313906669617,-1.7756171226501465,-2.1405420303344727,-1.9941734075546265,-1.7317198514938354,-0.5726341605186462,-2.6760902404785156,0.9841856360435486,0.05148561671376228,-0.46902868151664734,-0.5735487341880798,-1.2758748531341553
G,-1.927836537361145,-2.8236796855926514,-2.6876132488250732,-2.6682851314544678,-1.2071408033370972,-2.518517017364502,-2.4566237926483154,-0.8897739052772522,-2.3696823120117188,-1.3772401809692383,-1.5733033418655396,-3.0381782054901123,-1.5261688232421875,-1.3689641952514648,-3.5205612182617188,-2.0908451080322266,-2.168215036392212,-1.165793538093567,-1.606031060218811,-1.2624510526657104
P,-0.3102644681930542,-0.1791573315858841,-0.7875054478645325,-1.047789216041565,0.0690150260925293,-0.2133975774049759,-0.4380899965763092,-0.8624748587608337,-0.4277465343475342,-0.8163508772850037,-0.7058600783348083,-0.18700742721557617,-0.28348490595817566,-0.6515769362449646,0.018948888406157494,-0.3818265497684479,-0.6245176196098328,-0.6384567618370056,-0.5884894728660583,-0.6116538643836975
I,-1.6835041046142578,-3.396258592605591,-2.851182222366333,-3.438978910446167,-0.9089482426643372,-2.7619946002960205,-2.9618711471557617,-2.9903180599212646,-2.8277571201324463,1.9657446146011353,-0.12358566373586655,-3.286383867263794,-0.7546429634094238,-1.0648521184921265,-2.092329740524292,-2.2467212677001953,-1.1286948919296265,-1.956175684928894,-2.1178267002105713,0.770390510559082
P,-1.8407797813415527,-2.4966371059417725,-2.5340147018432617,-2.405876636505127,-1.8868862390518188,-1.9557582139968872,-2.097973346710205,-2.535630702972412,-2.184530258178711,-2.3114070892333984,-1.9186018705368042,-2.4972517490386963,-1.9912338256835938,-2.3004839420318604,-1.0908149480819702,-1.920997142791748,-2.211085081100464,-2.3323895931243896,-2.4064550399780273,-2.2201058864593506
E,1.7887638807296753,1.2069560289382935,1.2116068601608276,1.2696582078933716,1.8564671277999878,1.9318528175354004,2.4860095977783203,0.47168540954589844,1.6623045206069946,2.3796157836914062,2.1393799781799316,1.0931557416915894,2.1923511028289795,2.1551363468170166,0.3139230012893677,1.7733955383300781,2.117973566055298,2.2734463214874268,2.24604868888855,2.322927236557007
M,-1.1330360174179077,-1.481743335723877,-0.5276659727096558,-0.9210729598999023,-0.24491800367832184,-1.3012195825576782,-1.304684042930603,-0.7324427962303162,-0.35435906052589417,-1.1993037462234497,-0.5869901180267334,-1.4827580451965332,0.2819403409957886,1.0472532510757446,-2.3410885334014893,-1.2144602537155151,-1.6120448112487793,1.021685242652893,0.8694226145744324,-1.4973019361495972
G,-0.7920059561729431,-0.8980581164360046,-0.0863247886300087,-0.18555301427841187,-0.8121575713157654,-0.799704372882843,-0.7640237808227539,0.5877594947814941,-0.605437695980072,-2.5585715770721436,-1.8603187799453735,-0.654222309589386,-1.3677948713302612,-1.495094656944275,-1.2082147598266602,-0.4689217507839203,-1.3245291709899902,-1.6200424432754517,-1.4609441757202148,-2.238438367843628
Q,1.4943548440933228,3.2921066284179688,1.5577783584594727,0.27438411116600037,0.9252946376800537,3.13263201713562,0.9917851090431213,0.3217378556728363,2.1271474361419678,1.7962369918823242,2.0657248497009277,2.9460866451263428,2.1541993618011475,1.5581220388412476,0.10778626054525375,1.5222840309143066,1.6818393468856812,1.3027418851852417,1.8621007204055786,1.5764394998550415
F,-2.0552210807800293,-3.054279088973999,-1.9786723852157593,-2.4791088104248047,-2.7702019214630127,-2.741758108139038,-3.1259052753448486,-2.628068447113037,-1.8105560541152954,-1.8506571054458618,-1.4367923736572266,-3.1544864177703857,-1.4854326248168945,0.756166934967041,-2.2479560375213623,-1.7427819967269897,-1.8275681734085083,-0.39920029044151306,-0.6409518122673035,-2.049285888671875
E,3.9761273860931396,3.5631954669952393,3.0185348987579346,2.878072500228882,1.6502152681350708,3.486783027648926,3.940030813217163,2.482409715652466,3.168168783187866,2.5830116271972656,2.71116042137146,3.4052813053131104,2.902076005935669,2.461824893951416,2.4704768657684326,3.4534900188446045,3.0364058017730713,2.4793684482574463,2.763852834701538,2.644233465194702
I,1.9599071741104126,1.960315227508545,1.4915367364883423,0.7812345623970032,1.3220255374908447,1.51726496219635,1.0604832172393799,0.8346711993217468,1.669121265411377,1.8151084184646606,1.4387651681900024,1.646156907081604,1.8232253789901733,1.6269160509109497,-0.8209364414215088,1.9165879487991333,2.0458991527557373,1.784781813621521,1.8938674926757812,1.2682671546936035
F,-1.3700538873672485,-1.9003440141677856,-1.7123781442642212,-2.2034554481506348,-1.2000466585159302,-1.7221794128417969,-2.2773613929748535,-2.0923144817352295,-1.1457935571670532,-1.1298621892929077,-0.8155271410942078,-2.0026700496673584,-0.7546851634979248,1.2638863325119019,-1.8570138216018677,-1.6503442525863647,-1.7833242416381836,0.2390192747116089,0.15862500667572021,-1.3404531478881836
P,0.23569315671920776,-0.6645979881286621,0.6990790963172913,0.9643381237983704,-0.2014404535293579,-0.09589391201734543,0.13054238259792328,0.5997887253761292,0.042611438781023026,-1.1971465349197388,-0.8145139813423157,-0.5370079874992371,-0.658357560634613,-0.7122003436088562,0.5079453587532043,0.9299774765968323,0.4100329875946045,-0.8229315876960754,-0.7153680920600891,-0.8358960151672363
P,0.4262348711490631,-0.6089733242988586,-0.37351110577583313,-0.6631289124488831,-0.4233252704143524,-0.5289943814277649,-0.6570202708244324,-0.3003111183643341,-0.6807591319084167,-0.5593282580375671,-0.7851977944374084,-0.5264291167259216,-0.6413212418556213,-0.8635466694831848,0.6424649357795715,0.3868158161640167,0.019813865423202515,-0.7339041829109192,-0.8107978701591492,-0.19993925094604492
A,1.45875883102417,0.0355093888938427,1.0739070177078247,1.4761861562728882,0.4952927529811859,0.6190362572669983,1.1677725315093994,0.5621541738510132,0.9364024996757507,-0.38913747668266296,-0.16756267845630646,0.025692829862236977,0.1567673683166504,0.7505931854248047,-0.6405802369117737,1.4982190132141113,0.943548858165741,1.0114201307296753,0.9634234309196472,0.0016859769821166992
K,0.15698008239269257,0.6260620355606079,-0.898280918598175,-2.149352550506592,-0.47704461216926575,-0.5983094573020935,-1.8059948682785034,-0.9296377301216125,-0.6701449751853943,-1.070353627204895,-0.9711276888847351,0.9549951553344727,-0.30112481117248535,-0.5715234279632568,-2.0965404510498047,0.42796945571899414,-0.3288983404636383,-0.4532293975353241,-0.4580444395542145,-0.6492679119110107
F,-2.275068759918213,-2.486640214920044,-2.3837194442749023,-2.8630638122558594,-1.5021878480911255,-2.568976640701294,-2.7491438388824463,-3.118601083755493,-1.3213976621627808,-1.4429335594177246,-1.2226420640945435,-2.6825053691864014,-1.2835084199905396,1.797591209411621,-3.0734641551971436,-2.4334819316864014,-2.5317137241363525,0.7815257906913757,1.3247809410095215,-1.699323058128357
L,1.3658419847488403,0.4008479416370392,0.4070909917354584,0.6583418846130371,1.2238508462905884,1.0381821393966675,1.344274878501892,0.19435828924179077,0.5261979103088379,1.5074235200881958,1.9850713014602661,0.40712642669677734,1.4228715896606445,0.6427568793296814,-1.5249052047729492,0.766664445400238,0.6649788618087769,0.3969697952270508,0.5077386498451233,1.3268816471099854
N,-0.7365388870239258,-0.6428681015968323,0.7509925365447998,-0.7726170420646667,-0.44969138503074646,-0.7305827140808105,-1.2843822240829468,0.0061543830670416355,-0.26431259512901306,-2.1766436100006104,-0.8853405117988586,-0.8856868743896484,-0.4138258993625641,-0.4231276214122772,-3.4904377460479736,-0.4959867298603058,-1.4622774124145508,-0.6910462379455566,-0.3779877722263336,-1.9977655410766602
N,-3.625555992126465,-4.413179874420166,-1.6991904973983765,-2.6775903701782227,-2.0596494674682617,-3.666447401046753,-3.1336557865142822,-4.086556434631348,-3.292268991470337,-3.4757301807403564,-3.2937138080596924,-4.177513599395752,-2.9900312423706055,-2.622624158859253,-5.396804332733154,-3.415062189102173,-3.718379259109497,-2.7573440074920654,-2.5963797569274902,-3.8043367862701416
P,0.08714435249567032,-0.46541181206703186,-0.5232985615730286,-0.49530836939811707,-0.43994760513305664,-0.2969062626361847,-0.34648871421813965,-0.7859711647033691,-0.4341636598110199,-0.392050176858902,-0.3750574290752411,-0.34983935952186584,-0.3027242422103882,-0.5254907011985779,0.10973116010427475,0.1018497571349144,-0.07801997661590576,-0.5568861365318298,-0.4570244252681732,-0.2536570131778717
G,-0.31017646193504333,-0.43676531314849854,-0.14428402483463287,-0.18647219240665436,0.33241546154022217,-0.3054768741130829,-0.2154129296541214,0.1824791580438614,0.1874481439590454,-1.2162665128707886,-0.18371248245239258,-0.5617732405662537,0.06501296907663345,0.7927245497703552,-2.6448450088500977,-0.4475792348384857,-1.0636874437332153,0.898102343082428,0.9443159103393555,-1.1827818155288696
L,-1.692672610282898,-2.431514024734497,-2.7722103595733643,-3.2850425243377686,-1.0571460723876953,-1.9929119348526,-2.7305877208709717,-2.7344512939453125,-2.3102731704711914,-0.5225582718849182,0.9014418721199036,-2.4574029445648193,-0.4232501983642578,-1.2041701078414917,-2.75189471244812,-2.344731569290161,-2.183809995651245,-1.9583543539047241,-2.0548934936523438,-0.9282386898994446
C,-2.171562910079956,-2.173292398452759,-1.5414711236953735,-1.4108591079711914,-0.17683756351470947,-2.117347002029419,-1.9029369354248047,-1.9114269018173218,-1.43293297290802,-2.9155519008636475,-2.8810644149780273,-2.4601542949676514,-2.573108434677124,-1.4089559316635132,-2.4278409481048584,-1.4069175720214844,-2.1169958114624023,-1.149553894996643,-1.121052861213684,-2.5795986652374268
G,-1.6031252145767212,-2.3293168544769287,-1.97299063205719,-1.8959404230117798,-1.2587798833847046,-2.245420455932617,-2.133887529373169,-0.504298985004425,-2.1609537601470947,-2.444059133529663,-2.3029263019561768,-2.522855043411255,-2.118726968765259,-2.1182024478912354,-3.0267038345336914,-1.4692074060440063,-1.9882326126098633,-1.8018406629562378,-2.1907811164855957,-1.9766658544540405
Y,-0.17158077657222748,-0.2597352862358093,-0.28131571412086487,-0.4610454738140106,-0.24480091035366058,-0.4836333692073822,-0.6446384191513062,-0.4795725643634796,-0.1657632440328598,-1.1182068586349487,-0.6652104258537292,-0.16936667263507843,-0.4971561133861542,-0.003909081220626831,-0.2860822081565857,-0.20933391153812408,-0.6955883502960205,-0.15668267011642456,0.55060213804245,-0.9599826335906982
P,-2.5396978855133057,-3.1021177768707275,-3.0016376972198486,-2.934197187423706,-2.1674325466156006,-2.73559308052063,-2.8737049102783203,-2.9445292949676514,-2.8390960693359375,-3.143915891647339,-2.69258189201355,-3.0015668869018555,-2.6392321586608887,-2.6198832988739014,-2.1073508262634277,-2.664315938949585,-3.1808650493621826,-2.6716489791870117,-2.7585840225219727,-3.0584981441497803
L,-0.24648244678974152,-0.9773309230804443,-0.9096803665161133,-1.2652294635772705,0.2980012595653534,-0.577727735042572,-0.9823843836784363,-0.7589561343193054,-0.664017379283905,-0.7844412922859192,0.9617134928703308,-1.0185505151748657,0.3119783103466034,-0.03186474367976189,-1.8921303749084473,-0.6415554285049438,-1.0558987855911255,-0.35554349422454834,-0.44867727160453796,-0.7282839417457581
P,-0.28581950068473816,-0.6665170788764954,-0.38680312037467957,-0.3265010416507721,-0.48724672198295593,-0.3049578368663788,-0.3349345922470093,-0.4890986382961273,-0.4870575964450836,-1.121836543083191,-0.870802640914917,-0.49802789092063904,-0.6956772804260254,-1.1478891372680664,-0.163418248295784,-0.19400078058242798,-0.581596314907074,-1.3002487421035767,-1.1651289463043213,-0.8736981749534607
R,2.598748207092285,3.0773003101348877,2.0600345134735107,1.9872082471847534,1.3630291223526,2.1741819381713867,1.976413369178772,1.9995530843734741,2.2555222511291504,1.0416451692581177,0.9550631642341614,2.621178150177002,1.2436318397521973,1.0715473890304565,3.573396921157837,2.421478271484375,1.871505856513977,1.0560022592544556,1.2178386449813843,1.3406333923339844
C,-1.0433602333068848,-1.26666259765625,-0.9766812324523926,-1.1402887105941772,0.6058449149131775,-1.3040807247161865,-1.6003204584121704,-1.1499093770980835,-1.26434326171875,-1.6666675806045532,-1.6788387298583984,-1.3006548881530762,-1.5656694173812866,-1.7643241882324219,-1.0823988914489746,-0.5193890929222107,-0.8889923095703125,-1.7222018241882324,-1.818621039390564,-1.5262435674667358
D,2.2231204509735107,0.7509217858314514,2.224691867828369,3.2238614559173584,2.3337650299072266,2.0184326171875,2.525524854660034,1.7508808374404907,2.239333391189575,1.7823104858398438,2.0518274307250977,0.8408293724060059,1.9947015047073364,2.268125057220459,1.5535863637924194,2.2511613368988037,2.0678908824920654,2.190742254257202,2.199105978012085,1.82866632938385
P,1.0182796716690063,0.1818009614944458,1.078197717666626,1.3177894353866577,0.6341330409049988,0.5466124415397644,0.8290953040122986,1.1735528707504272,0.7314629554748535,-0.05395324155688286,-0.039748191833496094,0.3183237314224243,0.05912667512893677,0.05956149101257324,1.5998469591140747,1.0926707983016968,0.5732361674308777,0.01679905317723751,0.04971963167190552,0.09536778926849365
S,1.8475641012191772,1.9059892892837524,2.191779375076294,1.2991536855697632,0.33635959029197693,1.6242114305496216,0.8401756286621094,2.010310173034668,1.8536709547042847,0.8977344632148743,1.3109307289123535,1.7574082612991333,1.3436498641967773,1.2315691709518433,0.9905824661254883,2.8412790298461914,1.9357447624206543,0.8944616317749023,1.1752482652664185,1.0213375091552734
N,1.8833688497543335,1.4656583070755005,2.4000351428985596,1.5146960020065308,1.132251501083374,1.6425343751907349,1.341251015663147,1.6728910207748413,1.7483024597167969,1.2962924242019653,1.5784443616867065,1.4291936159133911,1.592530608177185,1.3322266340255737,0.8771333694458008,1.9340513944625854,1.7157930135726929,1.1216706037521362,1.3178234100341797,1.343610167503357
A,2.0870063304901123,1.49207603931427,1.6715341806411743,1.5414353609085083,1.7630764245986938,1.5797020196914673,1.4389524459838867,1.5136661529541016,1.8600491285324097,1.2612606287002563,1.35120689868927,1.4325404167175293,1.3837080001831055,1.5005111694335938,0.9451828002929688,1.6592578887939453,1.4771162271499634,1.3658733367919922,1.5664645433425903,1.3235353231430054
D,1.501301646232605,0.5474510788917542,1.203081727027893,1.700133204460144,0.7111400961875916,1.1706703901290894,1.1189745664596558,1.1975451707839966,1.2860273122787476,1.101129174232483,1.0875822305679321,0.6498557925224304,1.1961666345596313,1.0521756410598755,1.0267133712768555,1.4327359199523926,1.3671954870224,0.8356398940086365,1.0151257514953613,1.2016206979751587
G,1.804531216621399,1.4958447217941284,1.474638819694519,1.3593508005142212,0.9755749702453613,1.6371077299118042,1.5055311918258667,1.8628802299499512,1.5896178483963013,1.0441621541976929,1.317097783088684,1.4150482416152954,1.457723617553711,1.0938094854354858,0.4754568636417389,1.5896434783935547,1.283737063407898,1.0144461393356323,1.1826375722885132,1.0936462879180908
Y,1.0083638429641724,1.417209506034851,0.9717872738838196,0.41112491488456726,0.9833351969718933,0.8786255717277527,0.39207902550697327,0.7083892226219177,1.583186149597168,1.1612075567245483,1.2899513244628906,1.2576149702072144,1.2068215608596802,1.9712046384811401,0.452878475189209,0.8641842007637024,0.8109881281852722,2.0173585414886475,2.6261422634124756,0.9764754176139832
A,2.673245668411255,2.663625478744507,2.17195987701416,1.384391188621521,2.1045243740081787,2.36364483833313,1.6050373315811157,1.8440700769424438,2.8375349044799805,2.022049903869629,2.574214220046997,2.3283841609954834,2.5778682231903076,2.8872439861297607,0.6977870464324951,2.172250270843506,2.0339109897613525,2.8365697860717773,3.0705807209014893,2.0164010524749756
H,2.0169782638549805,2.530507802963257,1.8091133832931519,0.9727662205696106,0.7573438286781311,2.1969640254974365,1.3848518133163452,1.320985198020935,2.8670969009399414,2.2717645168304443,2.355159044265747,2.2926652431488037,2.328977584838867,2.1227545738220215,0.8814904689788818,2.0023887157440186,2.192180871963501,1.8987921476364136,2.2111005783081055,2.19260311126709
H,2.4534342288970947,3.145890235900879,2.268930196762085,1.4125534296035767,1.0972720384597778,2.629758596420288,1.8006715774536133,1.7680473327636719,3.311062812805176,2.6504366397857666,2.7096900939941406,2.8162801265716553,2.5501320362091064,2.407271385192871,1.2900234460830688,2.4635703563690186,2.615236282348633,2.236694097518921,2.5181705951690674,2.536994695663452
Q,2.4275643825531006,2.7356338500976562,2.352924346923828,1.7715845108032227,2.296743392944336,3.021486520767212,1.9180827140808105,2.144495725631714,2.8880741596221924,2.2554643154144287,2.661355495452881,2.3997509479522705,2.534897565841675,2.6468207836151123,1.3232477903366089,2.4355156421661377,2.250790596008301,2.621640920639038,2.707918882369995,2.18575119972229
R,2.9453322887420654,3.580188751220703,2.9435768127441406,2.5164413452148438,2.3556554317474365,2.971527338027954,2.537205457687378,2.571927547454834,3.448279619216919,2.5624492168426514,2.7441585063934326,2.689232110977173,2.6548454761505127,2.8822078704833984,2.3948581218719482,3.1056058406829834,2.9381628036499023,2.804903745651245,2.9814016819000244,2.5596179962158203
S,2.9279067516326904,3.109402656555176,3.248403787612915,2.543336868286133,2.769543409347534,3.242079496383667,2.570688486099243,3.0241432189941406,3.4684836864471436,2.5653514862060547,3.2626688480377197,2.758204698562622,3.159501314163208,2.854445457458496,1.5504788160324097,3.7781753540039062,2.9710261821746826,2.571676254272461,2.7761926651000977,2.5333821773529053
H,1.9789834022521973,2.280531644821167,1.7451910972595215,0.9819833636283875,0.9878448843955994,2.091435670852661,1.3257750272750854,1.3921512365341187,2.7507898807525635,2.15710711479187,2.304018259048462,2.0487799644470215,2.3565306663513184,2.0135996341705322,0.880598783493042,2.0104119777679443,2.0995450019836426,1.7676631212234497,1.9686392545700073,2.0497825145721436
G,1.929825782775879,1.8713692426681519,1.7164369821548462,1.2251852750778198,0.9766865372657776,2.139423370361328,1.610513687133789,1.9315944910049438,2.185103178024292,1.6612342596054077,2.1396324634552,1.6092606782913208,2.27514386177063,1.949471354484558,0.15711763501167297,1.9733558893203735,1.8961758613586426,1.8153611421585083,1.9413055181503296,1.7073841094970703
R,-0.45021867752075195,-0.08467524498701096,-0.6388759016990662,-0.972938597202301,-0.02992957830429077,-0.625560998916626,-0.9084015488624573,-0.626640260219574,-0.09836319088935852,0.14328014850616455,0.07818081229925156,-0.6963726878166199,-0.05815249681472778,0.4150533974170685,-0.6107423305511475,-0.6058666706085205,-0.6745577454566956,0.32708555459976196,0.20688043534755707,-0.049289386719465256
R,-0.2269354611635208,-0.14301307499408722,0.17397724092006683,0.14041252434253693,0.5655279755592346,-0.532106876373291,-0.4873577654361725,-0.18142063915729523,0.4101744592189789,-0.9426870346069336,-0.42222273349761963,-0.9412930011749268,-0.3011534512042999,0.8933591842651367,-0.8543375134468079,0.155438631772995,-0.4330786168575287,1.0737653970718384,0.7264894843101501,-0.8248961567878723
P,0.7524692416191101,-0.3392830193042755,0.531254231929779,0.3808484971523285,0.4335341453552246,0.16146746277809143,0.18982748687267303,-0.1486784964799881,1.165750503540039,0.7629272937774658,0.8798361420631409,-0.6267536282539368,0.9525375366210938,2.4399681091308594,0.303739994764328,1.0458815097808838,1.078286051750183,2.821589708328247,2.499988317489624,0.882478654384613
A,1.8348546028137207,0.3861689567565918,0.8163530826568604,0.3259217441082001,0.721956729888916,0.8842290043830872,0.46477019786834717,0.775335967540741,1.1183942556381226,1.3527077436447144,1.6233378648757935,0.18146996200084686,1.6188653707504272,1.8095893859863281,-0.24169428646564484,1.3565731048583984,1.3616286516189575,1.7677865028381348,1.5777626037597656,1.398593544960022
S,1.0194987058639526,-0.36172154545783997,0.3459579050540924,0.21720552444458008,0.6821151375770569,0.3826695382595062,0.3275604844093323,0.2851225435733795,0.5493742823600769,1.3984583616256714,1.3422592878341675,-0.5353882312774658,1.1959017515182495,1.3403631448745728,-0.6605177521705627,1.5806947946548462,1.1630691289901733,1.3552228212356567,1.033570408821106,1.4089475870132446
L,-0.08612453192472458,-1.0625625848770142,-0.8972145915031433,-1.1232889890670776,0.3106509745121002,-0.596703827381134,-0.7152988314628601,-0.9705052971839905,-0.37729477882385254,1.2882306575775146,1.6458544731140137,-1.1180604696273804,0.7678257822990417,0.9789118766784668,-1.250884771347046,-0.6045915484428406,-0.23628278076648712,0.8504655957221985,0.6228271722793579,0.8427179455757141
A,1.1129320859909058,-1.1571530103683472,-0.10825129598379135,-0.41445884108543396,-0.25750723481178284,-0.22562234103679657,-0.4723134934902191,-0.02039242722094059,0.07904497534036636,0.8501612544059753,1.038041114807129,-1.2352677583694458,0.8760913014411926,1.2376598119735718,-0.9379114508628845,0.38785848021507263,0.47143229842185974,1.0593934059143066,0.8614833354949951,0.7939959168434143
G,1.6982239484786987,0.8723666667938232,0.7082862257957458,0.5486169457435608,1.2375050783157349,1.2017325162887573,1.093312382698059,1.2192171812057495,1.1027578115463257,1.7264561653137207,1.8757320642471313,0.7358002066612244,1.9153923988342285,1.7102079391479492,0.08242645859718323,1.2181612253189087,1.2571665048599243,1.6613889932632446,1.5504156351089478,1.650680661201477
S,1.0183883905410767,-0.3932614028453827,0.5679675340652466,0.18890078365802765,0.05556255578994751,0.12032071501016617,-0.10238813608884811,0.3500804007053375,0.7121813893318176,0.662047803401947,0.9681136012077332,-0.7101749777793884,0.9721830487251282,1.886283040046692,-0.7905970215797424,1.8938616514205933,1.317387342453003,2.0535271167755127,1.7039965391159058,0.86273592710495
V,-0.656311571598053,-2.0397274494171143,-1.698482871055603,-2.1279196739196777,0.12572622299194336,-1.582869529724121,-1.7886320352554321,-1.7241827249526978,-1.051750659942627,2.127319574356079,1.3926868438720703,-2.1558752059936523,0.5126489400863647,1.1828073263168335,-1.5958542823791504,-1.402426838874817,-0.5880715847015381,0.661920964717865,0.4044307470321655,1.9064797163009644
A,1.128646969795227,-1.02089524269104,-0.45961228013038635,-0.49428293108940125,1.0666078329086304,-0.3388866186141968,-0.34875187277793884,-0.0704229399561882,-0.32141759991645813,0.9065032601356506,0.8282363414764404,-1.108965516090393,0.6207032203674316,0.5016798377037048,-1.0424778461456299,0.22320707142353058,0.2183142900466919,0.4128631353378296,0.0010415315628051758,0.8956937789916992
M,0.7582246661186218,0.14529486000537872,-0.01612546108663082,-0.28137025237083435,0.8219223618507385,0.2464779168367386,0.04130469635128975,-0.06540099531412125,0.5585994720458984,1.0134053230285645,1.2248297929763794,-0.07384675741195679,1.7631922960281372,1.666634202003479,-0.7084340453147888,0.3052234947681427,0.3381812572479248,1.6857399940490723,1.523721694946289,0.8745779395103455
G,0.9160635471343994,-0.6422184109687805,-0.057528723031282425,-0.536470353603363,0.11154230684041977,0.09264079481363297,-0.30764126777648926,0.7570507526397705,0.23826663196086884,1.219159722328186,1.4305223226547241,-0.7315061688423157,1.3197518587112427,1.4534906148910522,-0.7351110577583313,0.5039700865745544,0.653675377368927,1.2843942642211914,1.096016764640808,1.1730804443359375
L,0.14871326088905334,-1.3424140214920044,-0.5867846012115479,-1.1804909706115723,0.23021794855594635,-0.6491184234619141,-1.0808935165405273,-0.3242044150829315,-0.4600299298763275,1.7672683000564575,2.1744112968444824,-1.3392754793167114,1.0451747179031372,0.8232688903808594,-1.0409709215164185,-0.5114244222640991,-0.1285638064146042,0.11799955368041992,0.06614509969949722,1.1860193014144897
